,Date,nft_dynamic_old_hor,nft_dynamic_old_ver
0,2018-06-06 14:01:17,0.20402954445813037,0.19378969054811906
1,2018-06-07 10:28:17,0.17981125668506,0.19874974857584618
2,2018-06-08 09:22:30,0.18251644859966465,0.17699469881332341
3,2018-06-11 11:03:48,0.16247449509570452,0.20541438402102105
4,2018-06-12 10:02:26,0.18781505558962022,0.18512044730875082
5,2018-06-13 12:18:30,0.19811831397563306,0.22464824705672737
6,2018-06-14 11:10:37,0.1792561990717765,0.1781877119000337
7,2018-06-15 10:11:00,0.20345884800172345,0.20964521538195655
8,2018-06-18 10:33:19,0.19010838331241603,0.20330252880704475
9,2018-06-19 14:29:50,0.18000110013421688,0.197035435977036
10,2018-06-20 20:48:21,0.18264665663308813,0.22776411426140447
11,2018-06-20 21:45:42,0.18552880774251362,0.20386845396290842
12,2018-06-21 10:58:39,0.17621479525963757,0.2054786864033295
13,2018-06-22 12:44:39,0.18868650953292074,0.21395451115127492
14,2018-06-25 12:00:13,0.18770452807135482,0.2122842728512877
15,2018-06-26 09:27:19,0.19809058641068253,0.2008112039270755
16,2018-06-27 12:03:49,0.17024602844257913,0.20993211672365603
17,2018-06-28 09:45:22,0.18583608828724696,0.17885371595218752
18,2018-06-29 06:00:12,0.22611186912342843,0.22914882144641952
19,2018-07-02 11:57:09,0.17223895547470924,0.21438365981738966
20,2018-07-02 23:07:04,0.18495831583548297,0.19386072079819613
21,2018-07-04 10:44:32,0.195290175969476,0.21957429827878994
22,2018-07-05 09:15:01,0.18578027144203413,0.20886946191974037
23,2018-07-06 10:04:29,0.21186893420938044,0.2157592830432552
24,2018-07-09 09:50:02,0.20817685016205906,0.21270590537548212
25,2018-07-10 04:12:52,0.17552861200407016,0.195749357965404
26,2018-07-11 10:28:02,0.20232215111101653,0.18876167775945943
27,2018-07-12 10:01:13,0.2152340056348061,0.22551844515199443
28,2018-07-12 14:03:42,0.2070162485932043,0.22606326756772363
29,2018-07-13 13:44:52,0.19678943108988287,0.2025571879415596
30,2018-07-17 00:56:33,0.19841730609624508,0.2005244299154715
31,2018-07-18 10:58:55,0.18020970439729878,0.1990205576574494
32,2018-07-19 08:57:48,0.18257908550713664,0.2039543160383244
33,2018-07-20 09:53:32,0.20066714158004378,0.21587009286356804
34,2018-07-26 05:30:01,0.18507631600948113,0.21082031451402555
35,2018-07-30 09:41:39,0.18858294056381972,0.19607324211524818
36,2018-07-31 09:44:05,0.17971263224570416,0.2009583309208906
37,2018-08-01 09:41:51,0.17657994958856002,0.20907914636748104
38,2018-08-02 02:06:00,0.18888400107168646,0.2063385933225747
39,2018-08-03 13:39:30,0.2165547902531895,0.20325651446428478
40,2018-08-06 13:48:01,0.17673957296243287,0.20733057373249514
41,2018-08-06 16:16:14,0.1929295264639511,0.23288991042412838
42,2018-08-06 16:47:56,0.20212587907184706,0.21057936253234422
43,2018-08-07 04:26:04,0.21525906356238397,0.2328171205379154
44,2018-08-07 14:46:02,0.21525906356238397,0.2328171205379154
45,2018-08-08 04:56:20,0.20152645081318254,0.2280105741713818
46,2018-08-09 10:46:56,0.24282576446249027,0.2375565589307915
47,2018-08-10 04:37:38,0.21369753204113412,0.22401443107574331
48,2018-08-11 02:34:34,0.20461173367283522,0.23579830884217434
49,2018-08-12 04:36:45,0.21445757224871267,0.19977985053364436
50,2018-08-13 00:58:13,0.22269734901223034,0.22295825147005757
51,2018-08-14 11:13:35,0.20109139317240507,0.23118972506159688
52,2018-08-15 13:02:19,0.1800382015279911,0.19414860397264921
53,2018-08-16 06:55:56,0.19780972668627378,0.21033493127314615
54,2018-08-17 05:50:42,0.22172471099230884,0.2817851572086663
55,2018-08-17 12:12:07,0.20327312190071758,0.21153048714765763
56,2018-08-19 07:36:15,0.2171584562160364,0.2335392400667255
57,2018-08-20 09:18:32,0.20988881785566477,0.20565244268328967
58,2018-08-21 10:13:31,0.19165623522337993,0.2079019517013404
59,2018-08-22 11:34:30,0.206572387405014,0.21766811329905197
60,2018-08-23 11:06:20,0.20304345489444284,0.20991162392418974
61,2018-08-23 23:49:06,0.2046042590714776,0.23079289256187288
62,2018-08-24 16:03:01,0.20342252085972348,0.23157661279658573
63,2018-08-25 11:26:08,0.1972329297979877,0.206881946101253
64,2018-08-27 08:54:08,0.1972329297979877,0.206881946101253
65,2018-08-27 16:10:45,0.17098788437715165,0.21893861854647426
66,2018-08-28 13:34:58,0.17962357997626793,0.17182552924405534
67,2018-08-29 09:49:16,0.1899412205813763,0.19395095132848916
68,2018-08-30 19:25:53,0.22108031708809828,0.21001986723744487
69,2018-08-31 09:30:31,0.17463039473170364,0.19235983196299292
70,2018-09-03 00:37:47,0.1803006608470613,0.20106051565433888
71,2018-09-04 13:57:10,0.19351559649006467,0.20717370173040733
72,2018-09-05 14:21:10,0.20347208633484143,0.20942475753452924
73,2018-09-06 20:42:49,0.22629845110839103,0.23157176085293407
74,2018-09-08 09:14:44,0.23792679873566952,0.22711212269182138
75,2018-09-09 20:22:17,0.24579612899373035,0.24730754524268211
76,2018-09-10 10:52:00,0.20804306520798185,0.23632892661839847
77,2018-09-11 10:58:33,0.20747412503481535,0.23390806090254537
78,2018-09-12 09:33:15,0.19419390307866238,0.2410813140830293
79,2018-09-13 11:16:35,0.1877082975066108,0.21595320346062363
80,2018-09-14 10:18:55,0.20157776719275286,0.2162669733768551
81,2018-09-15 07:05:26,0.18336091073319333,0.19772758382598024
82,2018-09-16 10:10:06,0.21822441130872097,0.2473902812121118
83,2018-09-17 20:13:41,0.22146959481357067,0.25898669922866213
84,2018-09-18 08:54:44,0.22564453869301035,0.25597330206082897
85,2018-09-19 12:44:38,0.20307975664492578,0.23163927714656105
86,2018-09-20 09:44:20,0.26253600831196067,0.2507470165975015
87,2018-09-21 16:17:43,0.23380269711713134,0.24546834483020435
88,2018-09-21 20:22:25,0.21316742688974016,0.2448532691389259
89,2018-09-22 18:27:13,0.2389899974223289,0.24476100202689033
90,2018-09-23 09:02:05,0.25785715659556063,0.2586907954553093
91,2018-09-24 03:50:53,0.21861541412364693,0.2519452009010595
92,2018-09-25 08:02:54,0.23780134965677713,0.22730067621030228
93,2018-09-26 05:20:39,0.2366988589391865,0.24105798608073833
94,2018-09-27 14:19:26,0.24925674277891494,0.23519047529568718
95,2018-09-28 03:12:56,0.18771627338207217,0.23332166094176188
96,2018-09-30 05:11:46,0.22709564313758954,0.22880320136053667
97,2018-09-30 18:54:09,0.21227076703525746,0.23514613744475713
98,2018-10-01 08:08:21,0.21027908973036602,0.19892351405943573
99,2018-10-02 08:28:41,0.23268344824517254,0.2524018359530153
100,2018-10-03 08:02:01,0.1972475051854567,0.21153763841128384
101,2018-10-04 08:08:34,0.22446990976331457,0.219250599303197
102,2018-10-05 09:26:25,0.22502587901487106,0.24489125101381895
103,2018-10-10 09:33:24,0.20153139942160572,0.2963944175697457
104,2018-10-11 09:32:55,0.20722263756941653,0.21917447132300166
105,2018-10-12 08:25:14,0.21253262402178394,0.20289512071952942
106,2018-10-15 08:33:50,0.22174421776724523,0.22188631554988208
107,2018-10-16 08:32:19,0.19860625408766966,0.1900202578885171
108,2018-10-17 08:23:02,0.1892958133526192,0.22634015625281131
109,2018-10-18 08:20:28,0.2093003333492195,0.21207464045708163
110,2018-10-19 08:14:41,0.20016884573840443,0.22134927577652494
111,2018-10-19 12:02:35,0.21451275031375172,0.22163750004655622
112,2018-10-19 14:52:29,0.22166708807651414,0.27838900306639586
113,2018-10-19 18:32:28,0.21618620732647992,0.254137297612405
114,2018-10-22 08:29:24,0.21399197657327182,0.2714410414326788
115,2018-10-22 09:42:56,0.21291566519044725,0.219734945391977
116,2018-10-22 11:46:44,0.20520509758646546,0.22385227872121197
117,2018-10-22 16:59:12,0.2080413630180671,0.20381969305232397
118,2018-10-23 08:02:32,0.1954209131942622,0.2684844453700445
119,2018-10-23 12:09:21,0.2107318577264689,0.21593138159286687
120,2018-10-23 17:32:18,0.1970909018318847,0.2040097649577443
121,2018-10-24 08:17:13,0.19025167851886451,0.22379149662635567
122,2018-10-24 12:21:08,0.1885654591124336,0.26815965569674366
123,2018-10-24 16:41:58,0.16682730662529244,0.21996127513488076
124,2018-10-25 10:28:03,0.1990360930397981,0.19758761371690364
125,2018-10-25 12:25:39,0.20582395920204136,0.21496272123609275
126,2018-10-25 16:23:33,0.20145914847025134,0.22496430180645116
127,2018-10-26 09:46:07,0.19312537048874548,0.21171551603218233
128,2018-10-26 14:14:02,0.2001833310686374,0.2360269158629827
129,2018-10-26 17:41:18,0.20117865722447026,0.23941436471243754
130,2018-10-29 08:06:49,0.2135248545307035,0.21008185567750826
131,2018-10-29 11:49:06,0.20065306583799866,0.2113778714532203
132,2018-10-29 16:28:39,0.20159303531320982,0.20174510585352137
133,2018-10-30 08:52:25,0.18627937355432675,0.21364104969131686
134,2018-10-30 12:33:06,0.20352412413218604,0.22224955655557915
135,2018-10-30 15:47:33,0.21550144080856123,0.2355050440362359
136,2018-10-31 09:34:50,0.21257131946913294,0.22384333986492908
137,2018-10-31 11:52:29,0.19577722421473268,0.23625208557030938
138,2018-10-31 16:02:18,0.20435324403849542,0.2065245561088158
139,2018-11-01 09:21:50,0.18401504709931105,0.21791255562400436
140,2018-11-01 12:47:49,0.21372253050899745,0.1937726085409226
141,2018-11-01 18:51:23,0.2089681116776259,0.22478728584979416
142,2018-11-02 08:00:07,0.22293743940126415,0.20011223221854976
143,2018-11-02 08:47:34,0.2146812056216593,0.22206860235283998
144,2018-11-02 13:38:51,0.2093870502023768,0.2257514354621193
145,2018-11-02 17:48:28,0.20521137974624817,0.20740920552795084
146,2018-11-05 08:17:04,0.18896794988808563,0.21262122139000578
147,2018-11-05 09:06:10,0.17040186477520536,0.20381779069611522
148,2018-11-05 12:49:35,0.17154638791751592,0.19832254273074781
149,2018-11-05 13:55:51,0.17584436008600404,0.2117911112939189
150,2018-11-05 17:48:36,0.19113570160199464,0.1934902910939999
151,2018-11-05 19:01:09,0.20323775288590756,0.20854251466913873
152,2018-11-06 08:29:57,0.175520519684136,0.22255046769703793
153,2018-11-06 09:06:10,0.18698709044456713,0.2109415482840051
154,2018-11-06 12:53:35,0.1635348240566668,0.20857101240819906
155,2018-11-06 13:28:26,0.205388059564796,0.21488920974451467
156,2018-11-06 16:27:14,0.2004484790354909,0.197599444751339
157,2018-11-06 16:58:08,0.20149979399773926,0.21241923173712948
158,2018-11-07 08:25:34,0.20545681571804691,0.2087734920687161
159,2018-11-07 09:01:58,0.18850697712426676,0.2053556505658893
160,2018-11-07 12:40:49,0.219931486571108,0.21302125691166568
161,2018-11-07 13:12:39,0.20112045417426994,0.20881646100533802
162,2018-11-07 16:25:55,0.1850663185886176,0.20146091900612503
163,2018-11-07 16:57:24,0.19024168156758012,0.22939728093419134
164,2018-11-08 08:34:27,0.21178568245944068,0.22725255735219618
165,2018-11-08 09:20:01,0.19754713612342084,0.2028284334308649
166,2018-11-08 12:48:01,0.20672760952542124,0.23166645926645704
167,2018-11-08 13:29:29,0.20652624039501122,0.1913513493944958
168,2018-11-08 16:09:36,0.19045078847352973,0.21200182629264064
169,2018-11-08 16:53:12,0.19354235632294464,0.2105313522846683
170,2018-11-09 07:48:29,0.20126931716150928,0.19348006881408183
171,2018-11-09 08:33:01,0.18429191364235686,0.23289025031340016
172,2018-11-09 11:49:09,0.21549411367984153,0.23140846024226944
173,2018-11-09 12:42:26,0.20854790706236778,0.22571204901022923
174,2018-11-09 16:10:48,0.21762581917091306,0.2020734483739404
175,2018-11-09 17:16:55,0.21141586000309714,0.21859070655662424
176,2018-11-11 10:15:22,0.1998731012512024,0.2151677160949767
177,2018-11-13 15:07:44,0.18633372184397007,0.2171927172238846
178,2018-11-14 13:54:35,0.22251131675693817,0.2065574976201869
179,2018-11-15 08:32:38,0.21071722366493223,0.2409164753876489
180,2018-11-15 09:08:37,0.19558848022493008,0.2678022595794312
181,2018-11-15 12:47:47,0.2196059335212403,0.21771341148421378
182,2018-11-15 17:25:50,0.19938766121742235,0.20250639359228856
183,2018-11-16 11:16:54,0.20820629467878302,0.25170841030993424
184,2018-11-16 14:04:54,0.1944838774723966,0.21469413961472306
185,2018-11-17 19:49:46,0.19279554698260035,0.217805153127224
186,2018-11-19 15:08:00,0.18885873726547484,0.1875213119963445
187,2018-11-20 10:33:59,0.2080265069512526,0.19658274759231323
188,2018-11-21 10:26:32,0.21332406254423586,0.2372204551458895
189,2018-11-22 08:47:59,0.22316950325168308,0.28736823611004714
190,2018-11-22 10:15:40,0.20572046258555512,0.21310937764355362
191,2018-11-23 03:23:29,0.20500633446264813,0.2165063444100685
192,2018-11-25 06:09:41,0.22103767994436638,0.2588271610408253
193,2018-11-26 08:39:30,0.20113902366179925,0.22531576859561114
194,2018-11-27 10:45:49,0.21070822917480392,0.23900539042235594
195,2018-11-28 14:42:58,0.19442101090450972,0.23912782413091474
196,2018-11-29 08:54:15,0.20644830046892876,0.22943077479825555
197,2018-11-30 03:47:29,0.19301110352750578,0.20417775231423876
198,2018-12-03 05:52:45,0.18304866687783994,0.1868409170976385
199,2018-12-04 13:51:28,0.1778085923651263,0.24236362594581737
200,2018-12-05 10:59:12,0.18952061980214405,0.24095417486898288
201,2018-12-06 10:48:22,0.23845151659510974,0.23456807556756795
202,2018-12-07 10:47:32,0.20991827882625452,0.2276260552958032
203,2018-12-10 07:21:25,0.23681925278694305,0.2057439636944366
204,2018-12-11 11:04:43,0.21146214994851775,0.2506964173877214
205,2018-12-12 08:32:55,0.21571820217042895,0.2281429972223619
206,2018-12-12 23:59:10,0.19585521778228787,0.24556182177545313
207,2018-12-14 09:02:10,0.23042960544608215,0.21854652868547744
208,2018-12-17 11:14:40,0.21021618547208507,0.2309416598101108
209,2018-12-18 06:06:52,0.16921153394298874,0.21628554893761362
210,2018-12-19 13:48:40,0.22245947439397099,0.20158903719560975
211,2018-12-20 08:59:59,0.21911066601665796,0.2103202258596652
212,2018-12-21 13:43:40,0.22993610525535174,0.22678673864031992
213,2018-12-25 15:24:21,0.21692034013034361,0.20417737805620312
214,2018-12-26 11:19:01,0.21706599509461427,0.24184319887476818
215,2019-01-09 01:37:26,0.1822893543968349,0.19984154867161913
216,2019-01-10 11:07:30,0.23387115427996866,0.21513397167000317
217,2019-01-11 03:54:12,0.20679639246447373,0.21233751446028168
218,2019-01-15 10:37:35,0.23184030534314723,0.22557261687423574
219,2019-01-16 06:40:23,0.224731427365544,0.24440740809573663
220,2019-01-17 03:19:53,0.23450755157410763,0.2452831190493257
221,2019-01-18 12:46:19,0.2356018884116028,0.236155984587738
222,2019-01-21 12:01:50,0.24573693042368808,0.20983429951920832
223,2019-01-22 04:16:18,0.23519801535490822,0.22806978163450642
224,2019-01-23 05:14:11,0.22116798287940242,0.20553722247591322
225,2019-01-24 00:43:23,0.19350574073684104,0.23858581544707683
226,2019-01-25 04:03:20,0.23100649915814456,0.2118660421382378
227,2019-01-28 12:31:10,0.22650034986852824,0.23277915339882918
228,2019-01-29 07:02:05,0.21948553335337173,0.23150566438320672
229,2019-01-30 12:24:50,0.23503938098371352,0.2217006998067692
230,2019-01-31 01:48:57,0.1987077611755908,0.21481920436971447
231,2019-02-01 03:41:33,0.208279362270104,0.22152082241665375
232,2019-02-04 12:19:12,0.2218591913050013,0.22664230816212746
233,2019-02-05 03:17:27,0.21064301445833444,0.233591821291023
234,2019-02-06 09:55:27,0.23855966346107355,0.23707500865501022
235,2019-02-07 05:46:02,0.20487633637769825,0.20673414018246045
236,2019-02-08 04:24:31,0.21884877177096723,0.19617906195976875
237,2019-02-08 09:55:47,0.21471085715818583,0.21646268211320205
238,2019-02-10 13:20:18,0.21052289179967443,0.19070244359452915
239,2019-02-13 04:21:43,0.18193292162689656,0.20734548008868733
240,2019-02-14 11:39:26,0.20610643845852214,0.2090207589051911
241,2019-02-15 00:59:29,0.224787553398171,0.21019867581333432
242,2019-02-18 11:39:06,0.2007857520327072,0.22716119131493895
243,2019-02-19 12:22:09,0.2195935961375522,0.1994513342366323
244,2019-02-20 13:08:06,0.25298881381881827,0.23219297706153422
245,2019-02-21 01:06:38,0.24848502669289166,0.23427845332219
246,2019-02-21 19:22:09,0.21010236681221475,0.2446748347586069
247,2019-02-25 09:40:33,0.21828256095046644,0.22149340424716893
248,2019-02-26 02:16:00,0.19770409877432912,0.235754098810883
249,2019-02-27 04:56:50,0.2115231215616601,0.23451861034190535
250,2019-02-28 01:53:33,0.2166920970350611,0.22583541604785823
251,2019-03-01 00:41:25,0.22745141146071518,0.2169130972193307
252,2019-03-04 08:01:22,0.1850904796907976,0.18552989082396093
253,2019-03-05 09:24:17,0.2097379155501919,0.1974726951509729
254,2019-03-06 03:28:24,0.206262330248926,0.21256841739889604
255,2019-03-06 15:49:27,0.20173696913798778,0.19893781576184688
256,2019-03-07 08:46:51,0.19996420626046305,0.22584420086873433
257,2019-03-08 02:04:07,0.2307871952278388,0.20759359746848166
258,2019-03-11 09:05:37,0.225383521799145,0.21481367090468717
259,2019-03-12 08:37:57,0.21220981476710876,0.2220983973674907
260,2019-03-13 01:45:25,0.22219129952567032,0.23530880616134153
261,2019-03-14 02:28:10,0.21444437817892764,0.21975068058043964
262,2019-03-15 07:58:35,0.20440013433814805,0.2392702167332286
263,2019-03-18 08:05:48,0.22289486744643192,0.2538086710682562
264,2019-03-19 08:27:09,0.2112388642816913,0.22897348308306165
265,2019-03-20 02:12:30,0.2164549977194694,0.23278347903836966
266,2019-03-22 19:23:58,0.21814596293277444,0.21480442138316158
267,2019-03-25 12:13:23,0.20649884259463674,0.20350720167128025
268,2019-03-25 21:59:54,0.20512470853002493,0.20506099644776526
269,2019-03-27 12:36:19,0.19731315573698152,0.23207319277384417
270,2019-03-28 03:06:50,0.24584293442769314,0.2095074395265749
271,2019-03-28 23:41:29,0.20663891762188397,0.2364502816072949
272,2019-04-01 08:34:43,0.20802320560071216,0.23330713179764015
273,2019-04-02 08:51:52,0.22118660108605107,0.21968573018557694
274,2019-04-03 01:29:17,0.20672717143137886,0.2057967747560677
275,2019-04-04 08:29:11,0.20404571491110582,0.2060307479571288
276,2019-04-05 08:32:44,0.17893076639509511,0.18394388308025056
277,2019-04-08 08:41:07,0.19908750757435775,0.2225218862460293
278,2019-04-09 08:26:13,0.2366561333912535,0.21335321455918205
279,2019-04-10 08:32:35,0.21286583894357383,0.20703092467934436
280,2019-04-12 08:50:29,0.2421531350238655,0.24670297051389006
281,2019-04-15 09:25:21,0.20189903136945536,0.23691454006128929
282,2019-04-16 08:47:54,0.21375441074562115,0.22338263823770715
283,2019-04-18 14:04:53,0.22114144922659168,0.2260013190811417
284,2019-04-19 08:35:55,0.24618296484851204,0.21443239756389437
285,2019-04-22 08:38:00,0.1932385977499762,0.19838678586096756
286,2019-04-23 11:13:59,0.2063467680368294,0.19219504943754753
287,2019-04-24 09:07:37,0.22245977654758917,0.23101854709908792
288,2019-04-25 02:31:31,0.21006405862597002,0.19347237946426726
289,2019-04-26 09:12:33,0.22928920790313945,0.2094223254033762
290,2019-05-07 10:13:53,0.1683286831702493,0.20503017452224628
291,2019-05-08 04:47:59,0.18516840881381688,0.20680797765715284
292,2019-05-09 01:00:01,0.18533310144323012,0.20273393894461847
293,2019-05-10 00:20:55,0.1852673827876881,0.18785716501042676
294,2019-05-16 18:18:52,0.1972188062715372,0.1791367621123444
295,2019-05-21 08:13:46,0.21629882369554168,0.2244402707659871
296,2019-05-22 09:09:58,0.26821485827685193,0.21762806249402986
297,2019-05-24 09:53:41,0.21461167926597025,0.18846466890875696
298,2019-05-27 12:40:01,0.21675100337627543,0.22294455760683865
299,2019-05-28 07:25:16,0.21417605007219595,0.21937806440369043
300,2019-05-29 04:02:37,0.22490667246828056,0.2219678568647549
301,2019-05-30 04:07:32,0.20329547461761277,0.2213319559593094
302,2019-05-31 03:28:36,0.1844917834495021,0.21920473395698084
303,2019-06-03 03:58:36,0.21902256563440106,0.2129235142869857
304,2019-06-03 16:00:04,0.20438495691514824,0.20840927127029502
305,2019-06-04 09:01:25,0.20547352811181707,0.201467542243981
306,2019-06-05 04:27:02,0.18151488663026016,0.19367909658202592
307,2019-06-06 10:12:04,0.20203939185428368,0.2042779391297415
308,2019-06-10 00:47:08,0.1820166725983477,0.2092329484328556
309,2019-06-10 19:17:19,0.17341531359878484,0.18545854648579038
310,2019-06-11 21:12:11,0.20650161110546184,0.18868494208675726
311,2019-06-13 00:43:35,0.21540636413510497,0.2296844045806044
312,2019-06-14 07:58:53,0.2293307351510168,0.21104964723187386
313,2019-06-16 23:31:30,0.1929708644850157,0.20275481827208616
314,2019-06-18 08:21:46,0.2153347061487523,0.21881874728353617
315,2019-06-19 07:46:32,0.20112898872646778,0.21960069465814525
316,2019-06-20 09:03:49,0.23144058541118565,0.23406245991510458
317,2019-06-21 06:41:56,0.1733664131472625,0.21376662464313873
318,2019-06-24 03:36:55,0.2095254476371478,0.2000640235083717
319,2019-06-24 12:46:02,0.19913378751530014,0.1947773906247474
320,2019-06-25 06:39:13,0.17548189513128667,0.1982725927846009
321,2019-06-26 01:48:41,0.19766735923176687,0.19359341709848515
322,2019-06-27 02:24:58,0.1690694853036717,0.22313942636095896
323,2019-06-28 12:22:22,0.2037733510464456,0.2148071091997085
324,2019-07-01 01:48:24,0.23654095590564092,0.222548801755336
325,2019-07-02 03:26:42,0.2133850455240522,0.21558271898836137
326,2019-07-03 05:43:45,0.24088344146138924,0.22463057565449035
327,2019-07-04 05:47:30,0.20115771762100118,0.23701568754803523
328,2019-07-05 10:26:02,0.2246688408094449,0.21287713661831034
329,2019-07-08 08:07:30,0.20110281621270065,0.21258487317277774
330,2019-07-09 00:36:31,0.19729633217239326,0.22061928449489215
331,2019-07-10 06:52:20,0.2106779651785931,0.2245390526030342
332,2019-07-11 01:12:19,0.20851534489481538,0.227736270245601
333,2019-07-12 05:24:19,0.18572143959435564,0.23215825424005873
334,2019-07-16 03:38:17,0.19218925666477532,0.18777259241503924
335,2019-07-17 06:15:57,0.19976284996569063,0.19051896169187713
336,2019-07-18 03:32:22,0.18766795496502453,0.2225167223947067
337,2019-07-19 02:36:21,0.1982857982383461,0.213244635956339
338,2019-07-22 01:12:55,0.22894740940570799,0.23950647369830175
339,2019-07-23 05:02:26,0.22593176214040264,0.242528248330391
340,2019-07-24 02:27:30,0.22976337974570762,0.2348268647895448
341,2019-07-25 03:55:08,0.22731595460798598,0.2342765646120307
342,2019-07-29 03:01:47,0.21786481725303422,0.20056153069404886
343,2019-07-30 02:56:23,0.20199799366764676,0.21070252058673802
344,2019-07-31 02:12:34,0.19964521199410196,0.20764348982793768
345,2019-08-01 04:20:58,0.20973133083084144,0.2214085213212882
346,2019-08-02 00:20:12,0.209812854194819,0.1974855626738885
347,2019-08-05 03:02:11,0.19437312108538096,0.2108032464797807
348,2019-08-06 02:27:36,0.2062736088546107,0.2148442859770337
349,2019-08-07 00:04:23,0.21563107907755533,0.23014636403757552
350,2019-08-08 01:03:58,0.23383588183688697,0.2311371177828868
351,2019-08-08 14:18:20,0.24590598719855178,0.2361648468880594
352,2019-08-09 01:57:01,0.2545056525533457,0.21422953946136855
353,2019-08-09 09:46:04,0.22559962199825348,0.21926725059069813
354,2019-08-19 07:56:05,0.22078301332769382,0.21124120892727377
355,2019-08-20 01:36:49,0.23141569892197655,0.22666917960131436
356,2019-08-21 04:35:46,0.2379425905866687,0.20919262544385794
357,2019-08-22 09:36:48,0.21452651529941422,0.21602575801278978
358,2019-08-23 02:01:10,0.22275318274837014,0.24085086165293626
359,2019-08-26 00:38:20,0.2135905640902617,0.19617222229940365
360,2019-08-26 23:03:33,0.22424975389649937,0.21240729220772972
361,2019-08-27 23:04:31,0.24795007355122192,0.2103855082634353
362,2019-08-29 00:38:01,0.23683026971006704,0.21947480152026258
363,2019-08-30 06:08:56,0.24040807141584586,0.21959411368283802
364,2019-08-31 02:06:26,0.24689634216323408,0.24176525190420034
365,2019-09-02 12:29:03,0.23888051665677515,0.21721489080027984
366,2019-09-03 03:54:50,0.24161756630894496,0.2279351318937366
367,2019-09-04 02:43:40,0.22800197018451304,0.22974548738562245
368,2019-09-05 11:10:39,0.21843810014898749,0.24698987988682508
369,2019-09-06 08:47:26,0.23611154073829457,0.2490115648598738
370,2019-09-10 12:02:49,0.2321756985814683,0.21173511578638876
371,2019-09-11 11:26:23,0.21193166674172234,0.2054132236561959
372,2019-09-12 06:01:11,0.2150270918648367,0.20561415882988487
373,2019-09-13 06:02:13,0.24898110294285747,0.22886475624469535
374,2019-09-18 17:48:35,0.27209760892991564,0.2525230855316304
375,2019-09-18 19:05:52,0.21466336798951996,0.2340964510795049
376,2019-09-19 08:34:21,0.24997680045658255,0.25882878039152163
377,2019-09-19 12:30:30,0.24995820369953559,0.24088541715536305
378,2019-09-19 13:09:56,0.2593385550662837,0.23052516592042968
379,2019-09-19 13:51:51,0.24755541653754037,0.22948320284750806
380,2019-09-20 11:25:36,0.24123716360414657,0.22656541875153083
381,2019-09-24 03:26:29,0.23970202574001612,0.20302368344046987
382,2019-09-25 03:00:37,0.222893585003805,0.2152698465638482
383,2019-09-26 03:07:49,0.2152045720749947,0.23956766447258657
384,2019-09-26 22:21:43,0.2428406826909594,0.2319486020855343
385,2019-09-30 03:50:29,0.20636441552003124,0.20517704230989708
386,2019-10-01 02:32:16,0.23398305718476609,0.22602369480478846
387,2019-10-02 00:43:42,0.22216847094295716,0.2334508065276201
388,2019-10-02 22:50:31,0.2158356124821996,0.2207224647082549
389,2019-10-07 03:47:18,0.23467245991678987,0.2393938302362639
390,2019-10-08 09:02:13,0.25174416167276015,0.26466167583029737
391,2019-10-09 07:38:52,0.2270948875948076,0.2074693710345044
392,2019-10-10 09:42:38,0.22588029642640212,0.2566791055141554
393,2019-10-11 10:22:21,0.2496509109907083,0.22905411697316974
394,2019-10-15 02:00:59,0.19863206317517518,0.21262002880947853
395,2019-10-15 22:55:42,0.2306220489917056,0.2603613295671283
396,2019-10-17 01:14:33,0.2065764736017992,0.22823120724884308
397,2019-10-18 04:23:57,0.2359740092020045,0.21839502897100385
398,2019-10-21 09:44:17,0.20306288643929182,0.26468653730528036
399,2019-10-22 07:23:28,0.22194090875981368,0.21072487722078856
400,2019-10-24 08:48:01,0.22571182017455257,0.2107652326966652
401,2019-10-25 03:59:04,0.21432389813942826,0.20400200774192326
402,2019-10-27 17:52:29,0.18743630569086178,0.193696247108373
403,2019-10-29 01:28:08,0.20358042268931056,0.19206738204412308
404,2019-10-30 11:32:40,0.21591263792789192,0.1962223499329467
405,2019-10-31 02:42:41,0.20727648338882343,0.2160633583537786
406,2019-11-01 04:41:00,0.19967769607875646,0.20206941643060164
407,2019-11-05 06:38:32,0.20311363349910352,0.21648725832914067
408,2019-11-06 03:40:49,0.20326568031139114,0.19780075738642103
409,2019-11-07 07:32:10,0.20552728050227453,0.18666736635088974
410,2019-11-08 03:38:21,0.21358335899177167,0.19578346963196994
411,2019-11-11 13:59:52,0.18802995859752733,0.22716528520934876
412,2019-11-12 17:25:54,0.2103335756142154,0.22800743183952665
413,2019-11-13 03:01:44,0.20635515115455355,0.21707650336616202
414,2019-11-14 05:34:58,0.19478200759692854,0.214806911567285
415,2019-11-15 13:31:25,0.1959481480134617,0.1953031347565993
416,2019-11-16 06:36:54,0.20590653906612172,0.21309601875104753
417,2019-11-19 02:38:04,0.23153676762914005,0.19580836800589466
418,2019-11-19 23:23:34,0.2515188996846644,0.19871778797348616
419,2019-11-20 10:26:48,0.21711136391175603,0.22520260964107483
420,2019-11-21 02:11:03,0.19053739604721398,0.21225897165850988
421,2019-11-22 19:38:47,0.1974644840588369,0.21665255815519036
422,2019-11-26 04:30:24,0.20089350706094306,0.23010204014679497
423,2019-11-28 00:25:32,0.2117558669076509,0.19006471402884664
424,2019-11-28 23:24:04,0.21218991874159776,0.223326734155764
425,2019-12-02 01:10:19,0.2258109250672262,0.1984774613231986
426,2019-12-03 14:38:06,0.21315723667558056,0.19652523557889273
427,2019-12-04 02:44:37,0.22516434249693165,0.20904515908706325
428,2019-12-05 03:36:01,0.21687552512034733,0.22457963837814035
429,2019-12-06 01:56:50,0.19034767299750793,0.20939641991249539
430,2019-12-09 02:07:25,0.18580312160994494,0.19951766085468317
431,2019-12-09 12:52:32,0.18144326846100167,0.21657533440283017
432,2019-12-10 04:22:48,0.1905189338384596,0.21401060702089755
433,2019-12-11 01:39:34,0.20403884853112092,0.19174551051298863
434,2019-12-12 10:09:42,0.24015051883790162,0.21520172154327494
435,2019-12-13 02:49:35,0.18433222113250067,0.21177962246298698
436,2019-12-14 02:57:21,0.1966932220105847,0.21149079332296614
437,2019-12-17 02:06:52,0.20088629871594665,0.2524195168761713
438,2019-12-17 21:05:24,0.20926959864598882,0.19403790963973772
439,2019-12-19 03:11:53,0.19710259037383537,0.22155329228146098
440,2019-12-20 07:45:50,0.22612592149128533,0.20889879695748276
441,2019-12-22 15:04:14,0.2134777291917092,0.205797366106145
442,2019-12-24 01:22:16,0.21495114147019348,0.20314512193512788
443,2019-12-25 14:57:08,0.23507202993353882,0.19221830160444595
444,2020-01-08 14:56:54,0.23851423210176456,0.2323227930890091
445,2020-01-12 14:33:30,0.2576445798771901,0.25672545536810826
446,2020-01-14 23:26:21,0.225744579324376,0.27456253927238194
447,2020-01-15 22:48:47,0.21560890259847323,0.21236887921927075
448,2020-01-17 07:13:22,0.25776296942737537,0.2187531397348807
449,2020-01-21 04:27:09,0.20099079419569155,0.2267273927279352
450,2020-01-22 10:38:43,0.20006758837316113,0.20789379729849544
451,2020-01-22 22:34:43,0.20035256851337346,0.2314866898095046
452,2020-01-24 02:25:38,0.21909354425011016,0.229968882226385
453,2020-01-26 02:09:39,0.19814837520580017,0.22567820388753834
454,2020-01-28 12:19:32,0.23573373173125645,0.2324798165311111
455,2020-01-29 07:18:43,0.22410530882992113,0.21494617140989866
456,2020-01-29 21:27:31,0.21335244392832378,0.2218563688696338
457,2020-01-31 05:47:27,0.19793982745979036,0.2446144074123167
458,2020-02-01 02:30:25,0.24932876078621452,0.24660078357998758
459,2020-02-03 23:56:21,0.21622406772748998,0.2245024672092017
460,2020-02-04 23:02:29,0.22611491693468055,0.23823939125839225
461,2020-02-06 07:48:45,0.26243961266320126,0.2627362548691022
462,2020-02-06 15:37:55,0.23666104515701844,0.2945803667131079
463,2020-02-06 16:58:51,0.21087229170286595,0.2209391400288726
464,2020-02-08 02:50:42,0.1851496367042021,0.23093456520845734
465,2020-02-12 08:00:14,0.20460705840477697,0.21467838563086805
466,2020-02-12 21:27:55,0.2270677436371615,0.23191255061353588
467,2020-02-13 21:57:14,0.21622150223939218,0.2305192191062553
468,2020-02-17 02:41:33,0.23633241150213663,0.20925158922775036
469,2020-02-17 23:30:49,0.22974528143059347,0.2444802453965367
470,2020-02-18 22:44:17,0.25854892207497737,0.23168092333174317
471,2020-02-20 02:44:06,0.21507701121857994,0.19793955445282188
472,2020-02-21 04:16:33,0.2146455156896132,0.23275065574051926
473,2020-02-24 08:57:59,0.25000634579210324,0.24511725967496986
474,2020-02-27 00:49:11,0.24725302142496342,0.2607303950733284
475,2020-02-27 13:02:19,0.24152399059029345,0.24399922346091146
476,2020-02-27 21:33:50,0.21127161494866856,0.24832739202930432
477,2020-03-01 10:53:42,0.25902347149510685,0.2648702019475138
478,2020-03-02 12:45:15,0.19736517549963178,0.21810864741103259
479,2020-03-03 03:29:55,0.2143747226193252,0.22242335334493873
480,2020-03-03 21:09:20,0.21801601077716395,0.20253985631530994
481,2020-03-04 20:22:15,0.1882028858392136,0.23077349836402353
482,2020-03-06 11:32:59,0.22825022112452814,0.20957548694628853
483,2020-03-08 09:04:41,0.2097263968998746,0.2023339811239148
484,2020-03-10 01:52:05,0.23858903642432194,0.24366167630548632
485,2020-03-11 08:25:22,0.2295627453843436,0.21595660555650947
486,2020-03-12 01:39:15,0.22214194212896887,0.23451268785826904
487,2020-03-13 00:14:20,0.22537947716332749,0.21753789154323414
488,2020-03-14 01:43:43,0.21483730570952528,0.24043774899933534
489,2020-03-16 17:38:54,0.1960073576605615,0.2227660764638839
490,2020-03-18 05:20:50,0.2271385596828757,0.2188960660584127
491,2020-03-19 02:06:04,0.2200057916261669,0.21978093993020403
492,2020-03-20 01:16:15,0.21138754830365492,0.23132363348352172
493,2020-03-23 23:10:46,0.20991960683210883,0.21527076152257663
494,2020-03-25 01:32:03,0.18750149999399998,0.19965581941535013
495,2020-03-25 22:31:12,0.21109297613959616,0.1961560777534653
496,2020-03-30 01:00:20,0.2132138824509592,0.19057123120433317
497,2020-03-31 02:25:55,0.2110697668124553,0.20894083935749674
498,2020-03-31 22:52:58,0.21325157711376871,0.22515647035754466
499,2020-04-01 22:43:11,0.24301612709995296,0.23030328496579833
500,2020-04-03 00:03:02,0.2476369132457572,0.23973389987159047
501,2020-04-06 13:19:16,0.22251456015535676,0.24526860901068842
502,2020-04-08 11:08:52,0.218209009880262,0.23033111778644774
503,2020-04-08 23:46:04,0.23805529918844212,0.24246130271381286
504,2020-04-11 09:28:40,0.2226104873279701,0.21177026756940007
505,2020-04-13 16:21:33,0.2346915273942826,0.232471057236875
506,2020-04-14 23:03:25,0.24065951688233403,0.20904389787364672
507,2020-04-15 21:29:00,0.2215362279511206,0.23799719717015258
508,2020-04-17 02:42:46,0.23609424747553084,0.21979209904872543
509,2020-04-22 01:21:27,0.21749884677638381,0.22188950430933355
510,2020-05-07 11:31:00,0.22890658729610128,0.25542918619988514
511,2020-05-07 14:03:09,0.18408973742956475,0.185157701779594
512,2020-05-08 08:14:01,0.22103753629831863,0.2288693564270271
513,2020-05-09 02:18:47,0.21032142517297797,0.2110353168377998
514,2020-05-12 01:25:00,0.256804464561789,0.2569110355525411
515,2020-05-13 05:08:11,0.2315516992936022,0.2389410837621577
516,2020-05-13 20:49:16,0.2429622612204578,0.2660647811109943
517,2020-05-14 21:56:05,0.22480240380101874,0.26187320855423335
518,2020-05-18 16:03:15,0.22039362727492054,0.24303822201145966
519,2020-05-19 00:22:04,0.23886675846983602,0.2294255548112972
520,2020-05-19 23:33:29,0.2027083676401159,0.2010142204030486
521,2020-05-20 22:45:51,0.20910464071012191,0.22093709725484373
522,2020-05-21 23:42:13,0.22196511550241418,0.2337577661155651
523,2020-05-23 22:00:26,0.20454768280304295,0.2400346540429313
524,2020-05-26 06:37:33,0.20194172520150072,0.22283502403419547
525,2020-05-27 14:26:20,0.21990431626887125,0.22987470182196051
526,2020-05-28 16:17:31,0.23180968120828527,0.235565728118825
527,2020-05-29 10:14:38,0.21298428680747059,0.22475710749670005
528,2020-06-02 06:15:15,0.24308383715663126,0.2411401221086318
529,2020-06-02 21:05:59,0.23470704592248656,0.23763324613742642
530,2020-06-04 07:10:36,0.24231654374038014,0.24768172145216902
531,2020-06-04 21:50:32,0.24553175891202791,0.22544896676535278
532,2020-06-14 23:04:51,0.2591215799954524,0.23881930647221059
533,2020-06-15 08:57:48,0.2585325785326412,0.2571194921718635
534,2020-06-15 09:44:24,0.21241396218833408,0.21629701432987639
535,2020-06-16 10:36:02,0.24387695496445705,0.22821214954614435
536,2020-06-17 01:30:20,0.23576145053126038,0.25868543732396293
537,2020-06-17 14:18:09,0.221930048578971,0.22577851321217932
538,2020-06-18 19:56:53,0.23321071531095938,0.23365735640135835
539,2020-06-20 11:15:51,0.24805692022632508,0.23755460395136538
540,2020-06-23 02:07:27,0.2558250125150028,0.2570271863603184
541,2020-06-23 10:15:27,0.25502742603622264,0.2518428442885344
542,2020-06-24 21:18:27,0.22810914561086826,0.24348078420266117
543,2020-06-27 12:38:06,0.2361821091430199,0.2616755351043909
544,2020-06-30 00:21:07,0.26143232466043465,0.2619777658945757
545,2020-06-30 11:00:26,0.22055828030657246,0.2422996838472011
546,2020-07-03 03:39:58,0.25687179828606455,0.2654846547105731
547,2020-07-06 03:34:32,0.20027748910326662,0.2508507261150609
548,2020-07-06 23:02:46,0.22500606123911357,0.22313497123748094
549,2020-07-07 21:48:57,0.25208038608651717,0.22201707887835878
550,2020-07-08 10:39:13,0.2547669287244686,0.22758552041765312
551,2020-07-09 08:55:14,0.22346653383735796,0.23450358208733746
552,2020-07-14 03:55:13,0.21033181164665946,0.21370358814232962
553,2020-07-15 00:38:54,0.22179708943021995,0.2556239370047551
554,2020-07-16 09:13:08,0.23251559556641302,0.22543287761841777
555,2020-07-17 19:14:21,0.20923970184978954,0.23518627101825362
556,2020-07-20 21:50:46,0.20061015242184843,0.23063610726435724
557,2020-07-21 22:44:04,0.2082266053191483,0.2515323740604207
558,2020-07-22 22:46:32,0.20426153765824112,0.23864343579020686
559,2020-07-25 18:03:50,0.2207090060015412,0.226381556795325
560,2020-07-28 03:54:06,0.20387482242626218,0.2276002640347311
561,2020-07-29 01:32:38,0.20510669393324596,0.19640080628629064
562,2020-07-30 22:40:34,0.19255321060707878,0.2501823538950566
563,2020-08-02 09:27:49,0.22621589352538896,0.22875217134756523
564,2020-08-04 02:27:01,0.2232159950015429,0.2340884629591254
565,2020-08-04 22:48:21,0.2145596033926669,0.22898598830928732
566,2020-08-06 09:43:12,0.2125484080545172,0.23404034749819555
567,2020-08-07 04:24:32,0.20186615291087612,0.2581298269227513
568,2020-08-11 04:00:32,0.21558363261922672,0.23425735122675176
569,2020-08-11 23:54:52,0.2222261942861092,0.24286095340478225
570,2020-08-13 11:43:05,0.22400848198226844,0.23711580606001542
571,2020-08-13 23:08:41,0.20371683837093302,0.27012591272666714
572,2020-08-15 07:13:46,0.2518352080089778,0.29071071955575284
573,2020-08-18 22:47:16,0.27221098107780056,0.28671011755680137
574,2020-08-19 12:23:47,0.2093421092160823,0.1774891182221167
575,2020-08-21 08:35:23,0.23178740119215946,0.20765067103008647
576,2020-08-22 01:02:44,0.2184027378405023,0.18537667495013116
577,2020-08-25 05:57:24,0.2257973352711805,0.2023040701331864
578,2020-08-25 21:12:30,0.20754958489160716,0.19641178165196324
579,2020-08-27 02:12:57,0.22008515357268685,0.199984747649548
580,2020-08-29 19:25:56,0.21631614050160447,0.2090554122455361
581,2020-08-31 23:17:42,0.21033153748398556,0.21200754328093874
582,2020-09-02 19:30:11,0.21160487664691124,0.20456878081688368
583,2020-09-04 00:47:58,0.23245805464601765,0.2179078219521374
584,2020-09-04 23:38:02,0.19358287496866078,0.2085353366112468
585,2020-09-07 20:57:47,0.20349821055260586,0.18938254515139302
586,2020-09-09 02:00:38,0.21176123970526273,0.2050520251518322
587,2020-09-09 22:37:08,0.20834104671255663,0.19876880473517325
588,2020-09-10 15:57:45,0.20838163295460924,0.19276606780910738
589,2020-09-11 06:23:58,0.2245237160226159,0.2162495937393932
590,2020-09-15 01:17:15,0.2097521275500979,0.19575217594395364
591,2020-09-16 04:41:08,0.22796802003872566,0.18911345005822489
592,2020-09-17 22:32:11,0.2642469899509038,0.22685948605931108
593,2020-09-21 13:06:43,0.2370769504286075,0.21100033980121038
594,2020-09-23 10:35:16,0.2771089480759744,0.206012976584551
595,2020-09-23 22:16:30,0.21668970361625964,0.22545084979252053
596,2020-09-25 06:24:46,0.2300271227086153,0.19467112642768353
597,2020-09-26 23:48:43,0.20847369692918327,0.19417629684664275
598,2020-09-29 00:41:04,0.21713934151156253,0.2301831731889615
599,2020-09-29 19:43:24,0.24021968682087758,0.21380982074206667
600,2020-09-30 20:15:13,0.21552007044938995,0.209842663010503
601,2020-10-01 23:14:09,0.21425936330566972,0.21171024442463612
602,2020-10-05 03:05:37,0.20291832925848785,0.2070541339524344
603,2020-10-06 01:43:08,0.20474328899085367,0.18774996498379112
604,2020-10-07 07:03:26,0.23349985253116456,0.20268642667668169
605,2020-10-08 14:45:00,0.2041028939837628,0.18779969256711343
606,2020-10-09 03:06:23,0.21597591871461663,0.1768109674747014
607,2020-10-11 12:59:26,0.2127074122341281,0.18809824137407335
608,2020-10-13 05:56:01,0.19913535576951982,0.20977714548184134
609,2020-10-14 02:41:05,0.21813465635218804,0.19184725646024076
610,2020-10-15 20:46:06,0.20241642186833758,0.21065437088761294
611,2020-10-18 18:47:40,0.23464359929697176,0.20639310644203318
612,2020-10-22 09:29:40,0.23490403500233262,0.22646694123358968
613,2020-10-23 01:21:13,0.22588710498413447,0.1998552797450712
614,2020-10-24 15:59:25,0.22575062057207929,0.22505708356070278
615,2020-10-27 23:31:38,0.25138783708531737,0.21997722290432337
616,2020-10-29 00:02:03,0.21426247569410253,0.20447909500682496
617,2020-10-30 13:36:45,0.210927451647458,0.2178818764543391
618,2020-11-02 06:05:34,0.20956565425516743,0.22523930513005963
619,2020-11-02 18:32:43,0.2098540762379414,0.2203240923284988
620,2020-11-04 19:14:24,0.21308572509252643,0.21049394570686447
621,2020-11-05 11:05:51,0.22303275840278272,0.22870704050675628
622,2020-11-06 01:05:27,0.22759899528183491,0.22536299296179643
623,2020-11-10 06:46:06,0.253826365495696,0.2640136249566209
624,2020-11-12 10:17:21,0.2423775509027274,0.2016791008725835
625,2020-11-12 23:16:51,0.20610271585093604,0.19782832707406725
626,2020-11-14 01:29:51,0.21952885509503972,0.20859950625405127
627,2020-11-17 01:31:15,0.22752993958602216,0.20049842330462628
628,2020-11-18 04:19:07,0.20865555992754914,0.19618168396922261
629,2020-11-19 10:18:00,0.23676845029818414,0.2080637824297213
630,2020-11-26 03:56:32,0.2051414635006037,0.21541643153217488
631,2020-11-27 00:08:07,0.21541449568873206,0.21483534241696484
632,2020-11-28 21:34:22,0.24361693755597438,0.22170754217454097
633,2020-12-01 01:12:24,0.21512358887524663,0.22033529338132446
634,2020-12-01 23:19:00,0.210224505583058,0.20058108803513378
635,2020-12-04 08:53:52,0.20372004540198127,0.21274050388425053
636,2020-12-04 15:35:58,0.1969501716326536,0.1920311511986015
637,2020-12-08 10:06:16,0.22009399632198326,0.20247350237188108
638,2020-12-10 09:55:11,0.22932897036995636,0.19559737914597186
639,2020-12-11 05:24:21,0.20304373367089823,0.21622894051671412
640,2020-12-12 05:27:55,0.21089203398895742,0.2198189001876705
641,2020-12-15 02:45:26,0.20178039462074104,0.20605440940303604
642,2020-12-16 16:10:33,0.21518986200540732,0.2310959702474763
643,2020-12-18 12:31:02,0.2093708905538707,0.20847481183541233
644,2020-12-20 02:06:18,0.2267249351668551,0.20362353581947187
645,2020-12-20 02:06:18,0.2267249351668551,0.20362353581947187
646,2020-12-22 17:14:27,0.19515285010898695,0.20458684969566354
647,2020-12-24 08:48:31,0.2057678515376378,0.21177206340691593
648,2020-12-25 19:44:15,0.21029605100523288,0.19934880602166727
649,2021-01-04 20:53:08,0.2063503748036414,0.2043328150162213
650,2021-01-05 22:37:11,0.21311769228881386,0.21598696894654915
651,2021-01-07 04:35:23,0.22955322326493485,0.18806191272787898
652,2021-01-08 00:25:11,0.21964704386746675,0.2297379050391813
653,2021-01-09 09:19:47,0.19240574573168612,0.20095879919539822
654,2021-01-12 23:19:42,0.2112157861374933,0.19459842494975396
655,2021-01-14 08:51:28,0.21036274894540533,0.20721015403768347
656,2021-01-15 00:07:23,0.2014386296647841,0.20316623282518725
657,2021-01-19 08:44:33,0.23292342415743866,0.20058369835849077
658,2021-01-19 23:33:31,0.2279506211269663,0.2242244432335509
659,2021-01-21 01:22:35,0.204018655067535,0.19782456806163645
660,2021-01-22 03:50:24,0.20808889453947324,0.20361986641779548
661,2021-01-25 02:41:30,0.22148524869424255,0.2062739175668994
662,2021-01-26 08:47:25,0.2185365589422964,0.19457260810071286
663,2021-01-27 08:44:08,0.2224680331339976,0.20499172742742436
664,2021-01-29 08:47:44,0.23491796202018558,0.1894430099249736
665,2021-02-01 22:12:04,0.2070953324194104,0.19789322449716798
666,2021-02-03 20:37:56,0.2030564502618032,0.19901327169643765
667,2021-02-05 08:58:40,0.25499172988808955,0.20182719774015004
668,2021-02-07 00:53:59,0.23546580653999122,0.19106639864465297
669,2021-02-09 00:03:47,0.2252932538622686,0.18426337602812795
670,2021-02-09 21:53:15,0.211876119132125,0.1923054689711829
671,2021-02-15 14:42:06,0.24012824956303633,0.25315475401645515
672,2021-02-16 11:35:07,0.23301029058577655,0.19597123468283004
673,2021-02-16 13:26:28,0.20363321936918996,0.19335563531975522
674,2021-02-18 10:19:06,0.2245631986516908,0.22576184855761294
675,2021-02-19 10:09:26,0.2320013444373866,0.21530626565583377
676,2021-02-22 13:02:24,0.2211224624415792,0.21901333920024513
677,2021-02-24 08:56:43,0.20714207422707298,0.18197806163780542
678,2021-02-24 20:11:14,0.19209027165534057,0.17582130521618952
679,2021-02-25 20:35:10,0.19427521144762386,0.18412398358863308
680,2021-02-27 09:38:17,0.22603743493705783,0.22271146671345907
681,2021-03-03 21:28:31,0.21548635862791202,0.20612173370067735
682,2021-03-04 20:34:06,0.23018223873848462,0.22348249227045652
683,2021-03-06 05:12:32,0.21669195867135949,0.22021175325941375
684,2021-03-10 22:03:40,0.22844513050906015,0.23330005036938714
685,2021-03-12 20:15:55,0.2311088875931169,0.2204056365759142
686,2021-03-17 07:17:29,0.21583126557677365,0.21550437725384106
687,2021-03-17 22:45:04,0.19539459169143794,0.1946226374052251
688,2021-03-20 19:58:22,0.22444116725539118,0.22518242565332
689,2021-03-22 20:39:47,0.22391145329146148,0.2399077767237801
690,2021-03-23 21:45:39,0.2015135494531511,0.22491281329640742
691,2021-03-25 12:15:35,0.21173233884713788,0.20267982232417406
692,2021-03-25 22:59:50,0.20312779649743984,0.19616727510753085
693,2021-03-27 13:11:10,0.21789078061254405,0.2400859040688292
694,2021-03-30 11:31:05,0.22835659451190687,0.2089857714135148
695,2021-03-30 23:25:03,0.2253475240684337,0.19555338703689945
696,2021-03-31 19:58:22,0.24350725067659773,0.2378229547016397
697,2021-03-31 19:58:22,0.24350725067659773,0.2378229547016397
698,2021-04-02 04:44:55,0.19565591970368465,0.20825593832843195
699,2021-04-05 05:56:26,0.2329709013178454,0.20776676376408174
700,2021-04-05 19:55:49,0.23270181593943184,0.20664131788457896
701,2021-04-07 11:30:31,0.20914440089213057,0.19918575584159687
702,2021-04-09 12:45:53,0.2270097522009561,0.20542184679704692
703,2021-04-10 19:20:08,0.2013980692839948,0.21624160851861363
704,2021-04-13 19:55:41,0.20535693916841963,0.20883046296972838
705,2021-04-15 19:49:02,0.21031098898360953,0.2163457952561124
706,2021-04-17 17:20:43,0.2236686709206605,0.22587784374482353
707,2021-04-20 01:06:13,0.19639668130313895,0.21016513680620977
708,2021-04-22 00:47:14,0.21765447954182413,0.2023247739426473
709,2021-04-23 11:11:21,0.20231000477153993,0.2099990224876173
710,2021-04-23 22:20:40,0.1964827516554902,0.216185742988981
711,2021-04-27 10:30:42,0.21720464493886468,0.1850429119023016
712,2021-04-27 23:02:27,0.1910312955937498,0.20957809665301017
713,2021-05-07 16:33:42,0.22784076140796672,0.20971706006669774
714,2021-05-10 10:26:06,0.26162931037926174,0.2235142102453539
715,2021-05-10 16:15:28,0.2578302421853908,0.25480211522773555
716,2021-05-11 04:07:11,0.2899024966211396,0.2281854245382437
717,2021-05-11 08:40:48,0.3070742519756665,0.26737973844011087
718,2021-05-11 09:08:54,0.27676697038524306,0.3249050054384534
719,2021-05-12 10:31:27,0.29941473305481087,0.2794282559725282
720,2021-05-13 15:23:50,0.32134496953547403,0.22595214222890384
721,2021-05-14 17:05:07,0.2537400027076074,0.24457107862541727
722,2021-05-16 13:03:45,0.29024903557686726,0.21926779915811093
723,2021-05-17 14:44:48,0.2337683507326104,0.2312462662880634
724,2021-05-20 12:15:45,0.21349570233953974,0.21233789224603974
725,2021-05-21 06:10:22,0.24459552733630444,0.24672247760426855
726,2021-05-23 04:40:02,0.23410437583560337,0.22358804774481855
727,2021-05-25 16:28:52,0.2199130215069184,0.24326337346161261
728,2021-05-27 13:43:19,0.21182733893722555,0.2463536976374073
729,2021-05-29 02:21:14,0.21107561296083502,0.239999386791668
730,2021-06-01 10:56:02,0.22366838503075065,0.26192597310910415
731,2021-06-02 03:06:02,0.23161715982719266,0.2338476913455447
732,2021-06-03 13:24:08,0.22855716276446647,0.24535418564820655
733,2021-06-07 09:10:17,0.23435634303100847,0.22188217009408337
734,2021-06-08 04:45:38,0.19616946851474737,0.25226324658544774
735,2021-06-08 20:52:47,0.22176676578788482,0.2776456524307189
736,2021-06-09 12:39:45,0.22577827504242282,0.24142662331597856
737,2021-06-10 22:50:41,0.19730185262568695,0.23115529575312838
738,2021-06-13 10:25:18,0.23373409503451717,0.214957099712899
739,2021-06-22 11:48:00,0.26170177692780316,0.23421166610588362
740,2021-06-22 12:45:33,0.2645548144016914,0.27693010706334154
741,2021-06-22 13:20:12,0.28909378456408336,0.2450212347603578
742,2021-06-22 13:54:29,0.235967939964389,0.2550818902915633
743,2021-06-23 14:25:27,0.2571188936497998,0.2403901766468482
744,2021-06-26 16:10:08,0.2878176063556593,0.24484733258417268
745,2021-06-29 07:58:26,0.24242795139085566,0.22575050891624332
746,2021-06-30 02:33:58,0.23832469378939816,0.2206986013582988
747,2021-07-01 13:04:55,0.23240347928033303,0.2443428986540065
748,2021-07-03 19:03:31,0.20082017970182153,0.2427037035890653
749,2021-07-04 00:26:30,0.22490327480689945,0.22021638118017967
750,2021-07-06 02:02:50,0.2646206202122369,0.19742836606925035
751,2021-07-06 07:58:43,0.20195870351269354,0.22012222162433043
752,2021-07-06 08:52:13,0.21361173780553805,0.21050662229645045
753,2021-07-06 09:45:48,0.21782689771991828,0.20546231191039718
754,2021-07-07 13:02:17,0.19359809885357013,0.22457047681430323
755,2021-07-07 13:38:42,0.20171489971370443,0.2052775186663443
756,2021-07-09 00:28:44,0.21169742516883158,0.22102843839160266
757,2021-07-09 09:06:58,0.20091156839186394,0.2027918577235358
758,2021-07-12 14:23:07,0.19321632526537938,0.21233839540397753
759,2021-07-13 19:08:36,0.19863692538145855,0.20567347338269332
760,2021-07-13 19:43:09,0.20961764213974501,0.18438057762589966
761,2021-07-14 19:30:08,0.21353251555786917,0.20018318924693693
762,2021-07-16 07:43:02,0.18399205225990392,0.21237682848169567
763,2021-07-16 17:47:33,0.20982577678582182,0.20850027784357583
764,2021-07-19 22:02:35,0.19189733214639856,0.19298853531790755
765,2021-07-20 21:18:18,0.19896944942439235,0.20838993251608184
766,2021-07-21 23:58:25,0.2129175215677789,0.21764881701302613
767,2021-07-26 19:47:44,0.1879904886443837,0.20878001422459752
768,2021-07-26 21:01:51,0.19797769850105315,0.20108576695571828
769,2021-07-27 23:24:07,0.17664766459158374,0.20229319278971375
770,2021-07-29 13:55:33,0.2012022703567169,0.19290100308947106
771,2021-08-02 00:59:29,0.20989309273379766,0.25035231636899313
772,2021-08-02 04:24:54,0.21317150242411712,0.22134047198850534
773,2021-08-04 10:03:55,0.20318195964803337,0.23431961572032514
774,2021-08-04 10:38:27,0.2380919658411725,0.2653774301340052
775,2021-08-05 00:41:39,0.22567655358858799,0.24141231708349686
776,2021-08-05 12:26:18,0.23330719548403075,0.25468039905021717
777,2021-08-05 20:34:39,0.22586213404795993,0.2523574757716317
778,2021-08-05 21:09:07,0.20506916688655766,0.22947720590651421
779,2021-08-06 12:35:50,0.23227255117783818,0.23353144572812476
780,2021-08-06 13:10:50,0.20017173714442107,0.19887300216612022
781,2021-08-06 13:37:46,0.19095812865281375,0.21000573442305323
782,2021-08-06 14:12:23,0.2290158538633406,0.21708530896383704
783,2021-08-07 23:32:35,0.21170595777861942,0.2669992036770008
784,2021-08-08 00:08:25,0.2135705846656644,0.22339690543624316
785,2021-08-17 18:40:00,0.24284116890197766,0.24036777503638948
786,2021-08-18 00:08:19,0.21474707204716392,0.22852007118920753
787,2021-08-18 00:36:21,0.2203126333801273,0.21474761033331444
788,2021-08-18 01:13:09,0.2315904817521806,0.24859934662325484
789,2021-08-18 01:41:11,0.21740631684422926,0.23017862884995421
790,2021-08-18 05:08:34,0.23146925162050155,0.2320668359170421
791,2021-08-18 05:37:55,0.21989278758217692,0.21613289241021008
792,2021-08-18 06:05:55,0.2187571730629866,0.21457244290615854
793,2021-08-18 06:34:00,0.2201041161222609,0.23264312963530598
794,2021-08-18 07:02:01,0.20979936338644686,0.21684233645604628
795,2021-08-18 20:23:47,0.21442108985262015,0.22554801030563412
796,2021-08-18 20:51:46,0.2383042090470257,0.2192502894998183
797,2021-08-18 21:19:43,0.2085687598715099,0.23011786971520526
798,2021-08-18 21:47:43,0.20702689871717933,0.20831523474845165
799,2021-08-18 22:15:42,0.22751248112663186,0.20854072494902073
800,2021-08-19 10:13:03,0.20406221997871588,0.22999210251002336
801,2021-08-19 11:08:32,0.1796362869184,0.20555755933672587
802,2021-08-19 11:44:41,0.22628078233210552,0.2554019570594786
803,2021-08-19 12:12:50,0.2298936751778778,0.2321678378949812
804,2021-08-19 12:40:36,0.19815839147814684,0.22580583838985047
805,2021-08-19 13:08:20,0.2057367623667481,0.22091013671255244
806,2021-08-23 10:22:37,0.2960851882131991,0.3013137226114371
807,2021-08-23 11:38:39,0.23949825168247407,0.23420793517424832
808,2021-08-23 11:51:02,0.2760282171281476,0.30953297138973573
809,2021-08-23 16:58:12,0.2097897599889628,0.2726540413018053
810,2021-08-24 18:53:36,0.2343853563749638,0.2175410985080618
811,2021-08-25 22:12:36,0.20015378005965628,0.23684843157617766
812,2021-08-25 23:14:53,0.21298742281163816,0.2212573487746619
813,2021-08-26 18:42:22,0.20281083585821846,0.21641781483470945
814,2021-08-26 18:42:22,0.20281083585821846,0.21641781483470945
815,2021-08-26 18:42:22,0.20281083585821846,0.21641781483470945
816,2021-08-26 19:17:02,0.20462561836446028,0.21268009460574694
817,2021-08-28 09:45:43,0.22633055638759278,0.2519756274012355
818,2021-08-31 00:16:49,0.2323494944237275,0.26918754564201774
819,2021-09-01 10:57:50,0.2413427264608709,0.2507607525347455
820,2021-09-01 19:25:50,0.22404135242035003,0.23298301015067072
821,2021-09-02 15:34:52,0.22552775801314073,0.2828993774878619
822,2021-09-06 09:13:53,0.25571172042412166,0.27677738653675
823,2021-09-06 10:17:51,0.2655808892341752,0.25745560125109984
824,2021-09-06 10:53:05,0.2528054537873413,0.27563946791703187
825,2021-09-06 15:55:58,0.24740095216485225,0.2547716343554939
826,2021-09-07 10:59:26,0.22559168703007254,0.2353208833919695
827,2021-09-08 17:53:32,0.2543200576936131,0.2311531557796403
828,2021-09-09 00:43:45,0.2474895638165651,0.2467021728466612
829,2021-09-11 03:58:21,0.22767267925624554,0.24090604329927712
830,2021-09-13 23:32:15,0.25481116204335924,0.24596138927033315
831,2021-09-15 14:43:32,0.2320130441447258,0.2513972125751719
832,2021-09-17 09:22:31,0.2418877464829202,0.22958445850036444
833,2021-09-21 11:45:50,0.23877766225701358,0.22982216258467117
834,2021-09-21 16:52:35,0.23043350655535305,0.23565773320004058
835,2021-09-22 13:28:31,0.2551895508041469,0.22028174564548636
836,2021-09-26 03:09:11,0.2589829314556786,0.2366955259250278
837,2021-09-27 23:24:34,0.23645523093856008,0.2134932001756199
838,2021-09-29 14:21:00,0.2250968832294719,0.25096918233817167
839,2021-09-29 18:14:28,0.2271912153870749,0.22387484553263962
840,2021-10-01 01:15:39,0.2313975689277224,0.24414344842329683
841,2021-10-03 10:49:24,0.23165802771379518,0.24550961246216033
842,2021-10-04 22:39:07,0.22873441757937832,0.2587457269950698
843,2021-10-09 23:03:15,0.23726217735215863,0.24668942595368654
844,2021-10-09 23:32:18,0.21841780328639146,0.23119225031080456
845,2021-10-10 00:01:34,0.2347844721208309,0.24838650233073048
846,2021-10-10 00:30:23,0.20844377847605983,0.2616233390223948
847,2021-10-10 00:59:19,0.21493507754427255,0.25611827458779735
848,2021-10-10 01:28:06,0.218315128387885,0.25382974534644603
849,2021-10-10 01:56:57,0.22475291464519287,0.2527504965422579
850,2021-10-10 02:25:46,0.2052797745737671,0.2527804345933589
851,2021-10-10 02:54:40,0.20252363768398784,0.21432819845028261
852,2021-10-10 03:23:36,0.22176973293430832,0.24181205338596376
853,2021-10-10 03:52:39,0.23861408657353336,0.24965620193124924
854,2021-10-12 18:19:57,0.23438614086728984,0.24810951106544024
855,2021-10-14 09:37:06,0.23168409944137697,0.2746510294386288
856,2021-10-14 21:09:20,0.23297443643168367,0.25215034788062585
857,2021-10-16 15:24:51,0.2550231922721879,0.2680365845778705
858,2021-10-18 21:33:53,0.22711138239153195,0.26986081842452586
859,2021-10-20 07:22:33,0.24284389603607878,0.2616890654596271
860,2021-10-20 22:28:48,0.24039658271517098,0.24968294612348868
861,2021-10-22 05:37:57,0.22823209233518874,0.24352701847313543
862,2021-10-25 14:15:00,0.21868961592450595,0.25346819292193995
863,2021-10-26 09:42:47,0.24159217412138717,0.27644730179940136
864,2021-10-26 22:28:03,0.22014669704390036,0.27884815811301006
865,2021-10-27 13:56:16,0.20684161290753197,0.2195940444083642
866,2021-10-27 14:31:56,0.20874049139455897,0.26926140821734645
867,2021-10-28 01:16:49,0.22977788662446283,0.2938565001640759
868,2021-10-29 01:12:38,0.22826494001922462,0.23191986317761026
869,2021-10-30 07:14:12,0.22234131677191418,0.29059298028114905
870,2021-11-01 22:40:43,0.2333033882963681,0.24368056195270196
871,2021-11-03 21:02:50,0.2269350902801755,0.24837755230810696
872,2021-11-03 21:39:04,0.20974524262601352,0.26328977922050273
873,2021-11-04 19:31:17,0.22804825046488528,0.2503769889897334
874,2021-11-06 20:23:04,0.2238479879250943,0.24024721605694754
875,2021-11-09 03:08:33,0.23452056272238267,0.24930130348125065
876,2021-11-10 16:10:41,0.21545349988618853,0.23992597583362413
877,2021-11-11 04:40:07,0.22600448382699276,0.24143096949368137
878,2021-11-11 22:49:36,0.23703814924630442,0.2349895286958516
879,2021-11-15 06:08:33,0.21411385615187817,0.2587758323856516
880,2021-11-16 11:38:48,0.23267766188360633,0.2608124593919088
881,2021-11-16 23:57:41,0.23778634178527322,0.2700579549959659
882,2021-11-18 05:12:02,0.22584750409542328,0.22453643913627927
883,2021-11-19 06:33:41,0.23552915296961613,0.2618933822971419
884,2021-11-21 05:32:33,0.2303225390467128,0.2644965313465184
885,2021-11-22 19:09:09,0.21921282910850626,0.2695280453254936
886,2021-11-25 07:32:07,0.20037067021769997,0.2520829459038573
887,2021-11-25 22:55:38,0.23007547123633895,0.25651652131499697
888,2021-11-26 22:26:53,0.20839573203901088,0.24568364379866334
889,2021-11-29 21:33:48,0.21958415525307604,0.25265955775042714
890,2021-12-01 08:21:42,0.2140598362663079,0.24278546318113076
891,2021-12-01 23:46:18,0.23580148350390367,0.2607959239981648
892,2021-12-03 09:54:01,0.221435155576072,0.24125335465455425
893,2021-12-06 12:45:32,0.2019408405103765,0.2338365887448951
894,2021-12-06 19:46:55,0.2311510284128534,0.26038953188190866
895,2021-12-08 05:31:36,0.22496768282062052,0.23906671389182912
896,2021-12-08 23:36:44,0.2287238617915286,0.26718434912077915
897,2021-12-10 15:32:46,0.20435061261801685,0.2468010298784344
898,2021-12-12 18:18:18,0.20581141146025905,0.2303049420497692
899,2021-12-16 19:48:02,0.23881819546150682,0.2193972214999247
900,2021-12-19 13:04:03,0.24820144704187178,0.2442559549350376
901,2021-12-20 19:58:55,0.2260496549902824,0.2517302714019407
902,2021-12-21 09:19:08,0.24480835363972356,0.262698358680259
903,2021-12-23 02:58:18,0.2207988664956273,0.25431760942228
904,2021-12-23 15:50:07,0.25854802720245834,0.2483694776047595
905,2021-12-27 08:30:36,0.21850504249718572,0.23408415123303605
906,2021-12-27 20:23:30,0.22846104700801848,0.2434490246321381
907,2022-01-05 12:30:51,0.22482420648309756,0.21908392679777397
908,2022-01-07 09:43:43,0.23672069612033877,0.23131715394139468
909,2022-01-09 05:14:49,0.22217972032793615,0.2425838271763972
910,2022-01-11 21:15:42,0.22831054912032264,0.24759870780383994
911,2022-01-12 14:28:00,0.22865428673432048,0.23745859023305851
912,2022-01-13 12:30:41,0.22271922274829312,0.2341291355697562
913,2022-01-16 06:29:44,0.24472680185703052,0.24239501289412596
914,2022-01-18 09:20:18,0.21335360920069257,0.24430953883651285
915,2022-01-19 08:30:51,0.2343932049533474,0.22947202590331087
916,2022-01-19 18:39:17,0.22160727629222995,0.231021053546217
917,2022-01-21 00:52:40,0.2306634827534332,0.21939831798343978
918,2022-01-22 01:03:00,0.2624872490164563,0.24692169572711495
919,2022-01-24 23:14:01,0.22123184127593218,0.21526871713704873
920,2022-01-25 14:42:06,0.22435061004243925,0.24219177516007584
921,2022-01-26 09:55:41,0.23311516267372254,0.2721059952325722
922,2022-01-27 23:22:50,0.2065227848741386,0.2606874294035988
923,2022-01-28 11:10:45,0.2256395999562051,0.23956041663709585
924,2022-01-31 14:55:28,0.2176142571557571,0.25846231067166475
925,2022-02-01 09:27:26,0.23041765261028413,0.2350112368098331
926,2022-02-02 08:39:19,0.24415847160620022,0.23029603589932576
927,2022-02-03 09:59:36,0.20858687912682516,0.2552583097902603
928,2022-02-05 10:02:23,0.24065643570694276,0.23701285752978624
929,2022-02-06 01:47:41,0.22244032973993544,0.24249154782488605
930,2022-02-08 10:48:05,0.23099034530179202,0.23926358718146648
931,2022-02-09 14:52:52,0.21043507449527213,0.24875914129406124
932,2022-02-09 18:40:34,0.22803924337978992,0.22195930274595824
933,2022-02-10 22:01:27,0.23479915393518705,0.22989515247624337
934,2022-02-14 10:16:20,0.2508687546815504,0.26256874807300207
935,2022-02-15 21:41:17,0.23850963809586817,0.2428862868690962
936,2022-02-16 21:27:31,0.2288686531121255,0.24772926738165804
937,2022-02-17 18:07:02,0.21488220953363427,0.2521497743929477
938,2022-02-18 20:51:33,0.22753774982261563,0.21986027563406665
939,2022-02-21 20:42:53,0.22521004307614506,0.24399299172679614
940,2022-02-22 08:48:01,0.20905352749592876,0.2511420424216101
941,2022-02-22 20:51:38,0.2427693229440988,0.24128424053131506
942,2022-02-24 22:02:35,0.23841277886262716,0.24887331967345042
943,2022-02-26 01:21:10,0.23786633960875578,0.2530434358455661
944,2022-02-28 20:40:00,0.2846563854597665,0.26384976126808546
945,2022-03-01 09:56:02,0.24055697127060593,0.25561468090534223
946,2022-03-02 08:45:58,0.21463942559294075,0.2728858757415722
947,2022-03-02 14:09:00,0.24426106473943388,0.2613812815628061
948,2022-03-03 12:02:33,0.258598712950437,0.26664859182307016
949,2022-03-05 13:56:31,0.2288566083158006,0.23609917729891844
950,2022-03-07 09:25:02,0.22483089517876792,0.24589507512697018
951,2022-03-07 23:28:09,0.2281762348772026,0.2626733386584561
952,2022-03-09 08:36:45,0.22609376290079605,0.2487025445394114
953,2022-03-09 13:49:03,0.23609423249110903,0.22718310982366516
954,2022-03-10 19:50:57,0.24897302330282056,0.24097553944997765
955,2022-03-10 20:29:04,0.21241988334339806,0.27858805019222743
956,2022-03-14 08:28:14,0.25824272807530024,0.2615871590966282
957,2022-03-14 15:51:57,0.2371641657363817,0.2537374069744412
958,2022-03-16 12:01:23,0.2106329708474432,0.21809378567812288
959,2022-03-16 22:29:15,0.23282664174473808,0.26553915838240183
960,2022-03-17 11:39:25,0.23323934446024583,0.24963770033167493
961,2022-03-22 01:10:14,0.24595948491436398,0.23158969084495062
962,2022-03-22 14:54:36,0.21213560988464758,0.23773943901012706
963,2022-03-23 17:32:59,0.2455590834064105,0.23385769741770254
964,2022-03-23 18:10:49,0.22991960307837356,0.2530393880378794
965,2022-03-24 15:05:01,0.23555972683304843,0.269265668067801
966,2022-03-28 07:47:35,0.2120748827566008,0.23415632780058818
967,2022-03-29 02:22:38,0.21986599866801315,0.23127706330674738
968,2022-03-30 04:45:51,0.2162947866426117,0.25685068711548786
969,2022-03-30 10:57:33,0.23293170359085089,0.2610951487674673
970,2022-03-31 08:44:02,0.24764851711783095,0.23700331380534814
971,2022-04-01 23:29:38,0.24616101495366557,0.2542290423126127
972,2022-04-05 03:08:05,0.2219899279809782,0.23348354011013026
973,2022-04-05 22:24:53,0.22318739059533574,0.24656811413007299
974,2022-04-07 08:35:40,0.22734248810679095,0.24239056468653314
975,2022-04-07 22:20:46,0.23719767102884826,0.24369369850498418
976,2022-04-09 02:14:32,0.2318325229363605,0.2401904536184438
977,2022-04-12 04:46:58,0.21802285073678956,0.2407957562466896
978,2022-04-13 23:23:09,0.2568210213909718,0.2580080184005166
979,2022-04-14 08:30:39,0.20917110291531954,0.27399085133552564
980,2022-04-15 00:20:41,0.23218944223901378,0.24861719693779696
981,2022-04-15 22:42:17,0.24753175861134738,0.24718467477453915
982,2022-04-18 08:46:48,0.2048422329236596,0.23591307361375066
983,2022-04-19 09:05:32,0.2056380540101347,0.24523222196253033
984,2022-04-20 15:56:05,0.2077430670289262,0.22483635401088015
985,2022-04-21 17:54:17,0.20693694520904893,0.23905249137391535
986,2022-04-22 22:22:07,0.2103300300033897,0.2159506687476256
987,2022-04-26 00:16:06,0.19984135172893935,0.22581883079057471
988,2022-04-26 23:14:35,0.21368892043571533,0.22023025753185496
989,2022-04-28 01:16:01,0.22593830726779707,0.22587273155661988
990,2022-04-28 17:08:06,0.22629671895940445,0.20624939751198418
991,2022-04-29 23:31:44,0.2286025270839115,0.22053672160851095
992,2022-05-07 00:39:53,0.2181172402252779,0.24472763306744222
993,2022-05-09 09:18:34,0.21265837438980284,0.24977652134099207
994,2022-05-10 09:14:55,0.23870179548928958,0.24969488137600307
995,2022-05-11 08:40:58,0.21779320510217642,0.22922466180110349
996,2022-05-12 23:35:04,0.2361282495506415,0.2491406311070052
997,2022-05-13 16:43:33,0.21093226314254068,0.2638719105938922
998,2022-05-17 00:45:51,0.23385117689744622,0.2420654285479701
999,2022-05-18 05:01:26,0.24631169277969672,0.27134578616991684
1000,2022-05-18 11:47:12,0.20363735411982944,0.24749562460397856
1001,2022-05-19 22:41:14,0.2644962839022748,0.28670590465930196
1002,2022-05-20 11:03:51,0.23909803944119304,0.24327489946540987
1003,2022-05-20 20:21:37,0.25336286028945987,0.27854729832769953
1004,2022-05-24 03:24:34,0.23892279445441425,0.24581259399779354
1005,2022-05-24 19:31:00,0.2463056226089315,0.26157667262272527
1006,2022-05-25 21:20:17,0.28528884785407715,0.28228327803219744
1007,2022-05-26 21:44:27,0.2735080149777621,0.2919113061739305
1008,2022-05-29 17:56:47,0.26937301119959284,0.28064220458249695
1009,2022-05-30 09:11:49,0.26338955440617295,0.27022638537236665
1010,2022-05-31 08:43:21,0.2501615012544988,0.2841771525113048
1011,2022-06-01 20:12:03,0.2491529196266645,0.2745444594241007
1012,2022-06-06 08:32:38,0.2565460343635065,0.268688739397924
1013,2022-06-07 08:19:42,0.24945071733181762,0.2590099224304991
1014,2022-06-08 08:13:10,0.2593072397282239,0.24506277076611663
1015,2022-06-09 18:31:41,0.2509272483455385,0.28928355843636294
1016,2022-06-09 19:01:01,0.2785961154052012,0.25853005554991365
1017,2022-06-13 05:20:07,0.28399361041177895,0.285888862164014
1018,2022-06-14 10:09:49,0.24096125305056237,0.2915113671567604
1019,2022-06-15 03:27:12,0.2878220153150199,0.3011199613643635
1020,2022-06-15 21:44:03,0.2571397337804471,0.27230599344927586
1021,2022-06-16 21:10:54,0.28712953038129174,0.2712752053327055
1022,2022-06-20 10:48:03,0.2842193827788128,0.26819997170602944
1023,2022-06-20 19:33:30,0.2747200887842095,0.29157620174988125
1024,2022-06-22 06:27:46,0.2630911265338477,0.2653456058917077
1025,2022-06-22 20:29:41,0.2744153567690045,0.2859886328391522
1026,2022-06-23 11:10:21,0.2825584816950813,0.31679108244622856
1027,2022-06-26 04:58:35,0.3016729647371501,0.2774237669383498
1028,2022-06-28 00:08:48,0.30862130004201427,0.3007441419464318
1029,2022-06-28 08:43:14,0.26561557552648335,0.29045618773392534
1030,2022-06-29 17:10:21,0.28863569656261767,0.28179398304384995
1031,2022-06-30 08:43:09,0.3048576345747148,0.3187631104407004
1032,2022-07-01 11:05:13,0.2680243745075963,0.3066863879699205
1033,2022-07-04 13:12:18,0.2837887755070201,0.28911969839497326
1034,2022-07-05 08:33:46,0.2776158554685711,0.2798054332629907
1035,2022-07-06 18:26:06,0.2999434354103371,0.27127174288997774
1036,2022-07-07 08:36:15,0.2971011879155789,0.2646611027190303
1037,2022-07-08 19:11:25,0.27047428174830906,0.2656376828270718
1038,2022-07-11 08:56:58,0.28651367861004573,0.2870692873968048
1039,2022-07-12 08:55:41,0.31897464309302065,0.2967998274240763
1040,2022-07-13 09:23:17,0.29281199344008746,0.27516034058464983
1041,2022-07-14 08:50:01,0.329186044847957,0.31004441556435447
1042,2022-07-16 09:25:33,0.30102821907463384,0.32264319742089836
1043,2022-07-19 09:19:08,0.28526825477364876,0.2931851310171236
1044,2022-07-20 23:07:19,0.32381284967642404,0.3108097579877079
1045,2022-07-23 21:38:26,0.3413316499872513,0.2852159447532855
1046,2022-07-25 08:18:38,0.2974027369942954,0.30800111922808804
1047,2022-07-26 08:44:19,0.3187475191357406,0.3095662742047334
1048,2022-07-27 08:52:41,0.29452536299231313,0.2728768110511291
1049,2022-07-28 08:46:55,0.3361999255167273,0.28772781458006186
1050,2022-07-29 07:05:08,0.30377722071135227,0.34534599549404676
1051,2022-08-10 11:50:57,0.2518956681908244,0.2377687496326779
1052,2022-08-16 08:19:01,0.22513568078860952,0.2262067696893762
1053,2022-08-16 15:38:55,0.19332927051955356,0.21133863734403757
1054,2022-08-17 15:56:32,0.18778159985814236,0.23136635943011077
1055,2022-08-18 16:52:22,0.20567988571844154,0.21902544275830585
1056,2022-08-20 04:10:01,0.19847013225225302,0.20468359340215495
1057,2022-08-22 12:03:13,0.212028934729994,0.21715552421735354
1058,2022-08-23 09:39:25,0.21702452908925918,0.22363643265227084
1059,2022-08-24 20:57:30,0.20461635134614342,0.20569084539599078
1060,2022-08-25 11:37:28,0.2138891945820591,0.1981594198123758
1061,2022-08-28 19:30:44,0.2396528134417926,0.2741483416100625
1062,2022-08-29 12:31:38,0.2069826336029354,0.20196991941637424
1063,2022-08-29 13:09:03,0.23241295388182734,0.2155527077336788
1064,2022-08-29 21:07:24,0.2118942848962597,0.20829888792287524
1065,2022-08-31 04:22:20,0.2371718373343022,0.20613826475963348
1066,2022-08-31 19:16:09,0.2233733175069411,0.21999963121752733
1067,2022-09-01 14:18:36,0.2036206777921345,0.22269841058137882
1068,2022-09-02 12:46:20,0.24285081571005185,0.22863221681564855
1069,2022-09-05 18:04:27,0.23842889017937896,0.25068942674003153
1070,2022-09-07 10:24:50,0.2520501799629194,0.2200639054107308
1071,2022-09-08 14:45:07,0.22820784616118897,0.2560633641547801
1072,2022-09-09 09:04:14,0.22322667177764474,0.26778088982007336
1073,2022-09-12 08:45:18,0.2129658053704271,0.24033290590424267
1074,2022-09-13 19:50:55,0.26801245625885745,0.25757078128212246
1075,2022-09-14 13:03:54,0.2487956523955825,0.267710829014625
1076,2022-09-16 00:10:22,0.2714721084391135,0.29939670353045894
1077,2022-09-20 08:27:20,0.27104386752885745,0.27695293826170636
1078,2022-09-20 10:51:53,0.2614449007800064,0.2443166620759316
1079,2022-09-21 08:40:52,0.2601372013041557,0.2620951510794128
1080,2022-09-22 17:27:49,0.23050878572152345,0.2328015691051726
1081,2022-09-23 22:54:27,0.2609724119961978,0.253593080139839
1082,2022-09-23 23:31:46,0.2603522619352721,0.24922883324518091
1083,2022-09-24 00:09:15,0.236106237705595,0.24639691252602505
1084,2022-09-24 00:48:13,0.24491294817057627,0.23266181830741495
1085,2022-09-24 01:27:40,0.2453808995196168,0.21128623572779046
1086,2022-09-26 23:32:15,0.27507473984355496,0.2698385100782058
1087,2022-09-28 03:30:22,0.2394008732753524,0.22222469784555318
1088,2022-09-28 09:14:38,0.25192513453012094,0.2503568269528247
1089,2022-09-29 08:39:08,0.24633607967762836,0.2359096665139373
1090,2022-09-30 09:33:43,0.22570261992610885,0.2569698468334449
1091,2022-10-01 00:21:30,0.2549925359617919,0.2452497057294418
1092,2022-10-03 13:56:08,0.22489391209660076,0.25741471533727434
1093,2022-10-04 08:52:26,0.2497097621843998,0.2540871507744515
1094,2022-10-05 14:22:37,0.26498253825078766,0.2657306451399786
1095,2022-10-06 17:32:17,0.20665980684813678,0.22571071360971806
1096,2022-10-07 20:33:31,0.23302023317385184,0.2436626127823547
1097,2022-10-11 12:08:58,0.22529716068607492,0.24294154571508356
1098,2022-10-12 08:50:31,0.21621184866319854,0.23281703278479574
1099,2022-10-13 21:39:50,0.18718267440310585,0.2126600458622438
1100,2022-10-14 23:39:46,0.22798272029852953,0.21973032624921082
1101,2022-10-17 12:35:30,0.22056177377217476,0.22423507712068705
1102,2022-10-18 18:58:30,0.2410436297164617,0.24227906099419108
1103,2022-10-19 11:20:29,0.22030882965629983,0.23734511794387572
1104,2022-10-20 13:32:31,0.228005234780397,0.23554823896042487
1105,2022-10-21 20:17:04,0.22528755053160102,0.20132483915515326
1106,2022-10-24 09:14:58,0.225793205214919,0.24435574370399438
1107,2022-10-26 04:53:13,0.2200651561159124,0.22371370686998485
1108,2022-10-26 12:36:52,0.22709089447050654,0.24620790476807114
1109,2022-10-27 19:00:11,0.2521721727649197,0.22097291731947707
1110,2022-10-28 18:49:27,0.21257494419283005,0.2325223893662799
1111,2022-10-31 21:36:39,0.21851780034678137,0.19045044621796672
1112,2022-11-02 08:02:21,0.19555704905209198,0.22067074636636208
1113,2022-11-04 08:13:58,0.22491311372709055,0.22281166599251115
1114,2022-11-07 08:11:32,0.2224932907881821,0.21360317035754048
1115,2022-11-08 08:15:17,0.21323556889501774,0.22416021542995276
1116,2022-11-08 11:52:23,0.2421635203283722,0.20369483279077152
1117,2022-11-09 12:25:13,0.21519171643702498,0.22808274938284528
1118,2022-11-10 12:21:30,0.23209150206370968,0.2192777279910682
1119,2022-11-12 02:20:52,0.23857337781859536,0.2380003960130297
1120,2022-11-14 08:58:34,0.23322100013862562,0.2229141746172339
1121,2022-11-15 13:29:43,0.21871573006491735,0.22894428958995347
1122,2022-11-18 16:19:03,0.23124769861170055,0.2303146396882257
1123,2022-11-19 18:02:17,0.2288331410152111,0.22099493572379936
1124,2022-12-09 12:28:24,0.23453662314090673,0.22107221830783508
1125,2023-01-11 11:57:05,0.2243967380545641,0.21762582404772735
1126,2023-02-03 19:42:25,0.2058214673329641,0.2088709875635069
1127,2023-03-06 20:02:30,0.23081473672336997,0.21605987074799612
1128,2023-04-03 12:39:40,0.21885689908235326,0.20768791175953738
1129,2023-05-13 07:57:51,0.229003124721204,0.25695776761877054
1130,2023-05-15 09:55:26,0.22577834555323173,0.21890566429055708
1131,2023-06-02 23:16:03,0.23644067290600698,0.23200051490264723
1132,2023-07-08 11:11:04,0.23505422296961406,0.22026471491011315
1133,2023-08-04 22:45:51,0.23661525037474918,0.2268482636670901
1134,2023-09-08 22:05:24,0.2528297068624841,0.2596111810577284
1135,2023-09-12 13:04:20,0.2232110263050428,0.21634479163576822
1136,2023-10-04 21:58:17,0.1970464172880028,0.2126087940148588
1137,2023-11-04 03:58:57,0.2262406045427467,0.2238676853992965
1138,2023-11-15 23:49:33,0.2128833386173014,0.21265118262473248
1139,2023-12-02 12:04:17,0.20854966449016957,0.19405649099711467
1140,2024-01-05 15:10:34,0.18740384515597763,0.2128353336391374
