,Date,xy_scan_difference_hor,xy_scan_difference_ver
0,2019-01-09 00:25:53,0.04752734374999257,-0.004421874999995801
1,2019-01-10 09:47:54,0.02999609375000567,0.09991406249999901
2,2019-01-11 02:42:03,0.06883203125000037,0.12297265625000176
3,2019-01-16 03:01:16,0.15485937499999647,0.18848046875000168
4,2019-01-17 04:08:57,0.11798828124999527,0.1743789062500074
5,2019-01-18 09:06:56,0.17522265625000255,0.1602773437499989
6,2019-01-21 08:24:48,0.16727343749999957,0.13709765624999815
7,2019-01-22 00:36:11,-0.0074804687499927525,0.20091796874999623
8,2019-01-23 03:20:12,0.12310937500000207,0.15179687500000227
9,2019-01-23 22:52:45,0.12251953125001158,0.1341289062499973
10,2019-01-25 00:32:12,0.0811914062500021,0.15827734374999824
11,2019-01-28 08:58:41,0.18047265624999564,0.1278320312499961
12,2019-01-29 03:31:03,0.11913671874999476,0.1563828125000013
13,2019-01-30 08:47:02,0.12413671874999288,0.15907031249999815
14,2019-01-30 23:50:58,0.08130859375000288,0.12965234374999923
15,2019-02-01 01:44:06,0.047937499999999744,0.1298710937499985
16,2019-02-04 08:39:06,0.09757421875000016,0.14785156249999876
17,2019-02-05 04:02:58,0.07414843749999722,0.10505859374999993
18,2019-02-06 06:18:44,0.07029687500000392,0.10335156249999766
19,2019-02-07 03:51:07,0.05765625000000263,0.08762499999999385
20,2019-02-08 00:37:21,0.045929687500001926,0.08013671875000394
21,2019-02-10 11:26:16,0.10541406249999774,0.08076562500000506
22,2019-02-13 02:25:52,0.02524218749999374,0.08133984374999059
23,2019-02-14 08:02:01,0.08182031250000943,0.08162890625000596
24,2019-02-14 21:18:57,0.06155078124999758,0.08167578125000308
25,2019-02-18 07:58:31,0.0907773437499948,0.08169921875000341
26,2019-02-19 08:42:59,0.07792968749999662,0.08632031249999894
27,2019-02-20 10:13:07,0.10046093749999851,0.07761718750000668
28,2019-02-20 21:27:34,0.030800781250005294,0.08784375000000466
29,2019-02-22 09:08:30,0.09946875000000066,0.080218750000002
30,2019-02-25 08:00:21,0.10019531249999947,0.07582812500000635
31,2019-02-26 00:19:39,0.051605468750001826,0.08982812499999504
32,2019-02-27 03:03:09,0.08544531249999832,0.08509374999999775
33,2019-03-17 04:01:45,0.07003124999999333,0.07134765625000039
34,2019-04-13 03:16:42,0.07220312500000503,0.09511328125000951
35,2019-04-20 23:23:54,0.1090624999999994,0.08323437500000086
36,2019-05-06 12:57:02,0.04065234375000415,-0.008246093750002181
37,2019-05-09 01:56:23,0.06622265625000257,0.07352734375000036
38,2019-05-16 20:19:34,0.14248046874999964,0.20197656249999252
39,2019-05-22 23:45:10,0.18422656250000458,0.14835156250000203
40,2019-05-24 08:45:59,0.18580078125000465,0.16842968750000775
41,2019-05-27 13:26:20,0.16506249999999856,0.14531249999999574
42,2019-05-28 06:17:03,0.1441757812499942,0.12650390625000263
43,2019-05-29 02:54:10,0.14230078125000656,0.1350000000000069
44,2019-05-30 02:58:06,0.14280468749999908,0.1218906249999927
45,2019-05-31 02:21:10,0.1604492187499984,0.12383984374999457
46,2019-06-03 04:41:20,0.17319531250000075,0.14158593750001014
47,2019-06-03 17:04:28,0.1443515625000069,0.12381640625001022
48,2019-06-04 09:58:21,0.0904609375000005,0.1413124999999944
49,2019-06-05 03:17:42,0.1361992187499954,0.12282812499999718
50,2019-06-06 09:03:00,0.1339218749999933,0.15014843749999418
51,2019-06-10 01:30:33,0.1450429687499959,0.13364843749999622
52,2019-06-10 18:09:01,0.11766796874999574,0.11574218749999865
53,2019-06-11 20:03:06,0.13668749999999896,0.11287109374999904
54,2019-06-12 23:35:13,0.1209804687500009,0.07231249999999623
55,2019-06-14 06:48:46,0.12655468749999788,0.11087499999999828
56,2019-06-17 00:16:10,0.12677343750000425,0.11713281249999419
57,2019-06-18 07:13:31,0.14278124999999786,0.11121093749999744
58,2019-06-19 05:30:43,0.1503710937499898,0.12272265625000234
59,2019-06-20 06:48:20,0.1276210937500064,0.12582812499999996
60,2019-06-21 04:29:10,0.13416796874999815,0.10824218749999392
61,2019-06-24 01:24:05,0.1573242187499968,0.12098437500000347
62,2019-06-25 04:26:35,0.14883984375000825,0.12837890625000004
63,2019-06-26 00:40:00,0.1598398437499995,0.12989843750000318
64,2019-06-27 01:16:18,0.12332812499999424,0.14648437499999734
65,2019-06-28 10:03:53,0.1475664062499984,0.11699218750000018
66,2019-07-01 09:48:35,0.14772656249999816,0.08821484375000299
67,2019-07-02 01:08:23,0.11967187499999898,0.12467578124999967
68,2019-07-08 06:59:02,0.15147656250000008,0.09992578125000584
69,2019-07-08 22:21:16,0.1385820312500039,0.10674609374999555
70,2019-07-10 04:39:52,0.14173828125000032,0.09117578124999959
71,2019-07-10 22:58:08,0.14113281249999599,0.09074218750000007
72,2019-07-12 03:08:04,0.14061328124999406,0.09479687499998857
73,2019-07-16 01:22:44,0.2021875000000044,0.09482421874999769
74,2019-07-17 04:02:02,0.15061718750000885,0.11471875000000065
75,2019-07-18 01:18:10,0.1600742187500046,0.1176132812499997
76,2019-07-19 00:19:32,0.13779296875000036,0.14755859374999591
77,2019-07-21 22:58:42,0.17382812499999822,0.11352734375000395
78,2019-07-23 02:47:23,0.16910546875000154,0.11251562500000922
79,2019-07-24 00:12:04,0.1530468749999958,0.15837109374999958
80,2019-07-25 01:38:33,0.1844609375000017,0.13081250000000288
81,2019-07-29 00:38:29,0.18111328125000004,0.13326953124999985
82,2019-08-01 00:53:27,0.21510937500000527,0.18644531249999385
83,2019-08-01 22:06:35,0.21516015624999252,0.16190234374999868
84,2019-08-05 00:46:33,0.2669179687499996,0.22203515624999515
85,2019-08-06 00:14:36,0.23770312500000212,0.19700781249999366
86,2019-08-06 21:51:28,0.23684765624999926,0.16107031250000237
87,2019-08-07 18:25:13,-0.010667968749996426,-0.04775000000000329
88,2019-08-07 23:56:11,0.008761718749997982,-0.05978906249999838
89,2019-08-09 00:49:42,0.09436328125000504,0.022390625000001663
90,2019-08-19 16:54:05,0.01738671874999209,0.02995703124999949
91,2019-08-20 00:29:25,0.0939648437499967,0.006601562499995772
92,2019-08-21 02:22:07,0.11466015624999581,0.05143749999999869
93,2019-08-22 07:23:10,0.11266796875000118,0.045855468749992134
94,2019-08-22 23:46:47,0.11105859375000282,0.05499999999999883
95,2019-08-25 22:23:52,0.14308203124999608,0.06156640625000431
96,2019-08-26 21:55:59,0.1179960937499942,0.06496093749999421
97,2019-08-27 21:56:06,0.12981250000000522,0.06001171874999489
98,2019-08-28 23:29:40,0.12559765625000097,0.06355078125000446
99,2019-08-30 05:00:29,0.14569140624999388,0.0626171874999999
100,2019-08-31 00:58:02,0.1318632812499949,0.06075390624999688
101,2019-09-02 10:14:33,0.12568750000000417,0.1127343750000005
102,2019-09-03 01:40:13,0.14178906249999912,0.07709375000000218
103,2019-09-04 00:17:29,0.15180859374999844,0.09069531250000296
104,2019-09-05 08:54:30,0.15450390624999866,0.07821093749999797
105,2019-09-06 06:31:59,0.15174999999999628,0.06738281250000444
106,2019-09-08 20:21:35,0.16263281250000183,0.09530859375000134
107,2019-09-10 09:49:57,0.08597265625000183,0.09721874999999258
108,2019-09-11 11:58:16,0.1335390624999988,0.1035039062500065
109,2019-09-12 03:46:39,0.13607031249999757,0.08106640625000505
110,2019-09-13 03:47:39,0.15907812500000418,0.13154296874999982
111,2019-09-18 20:09:56,-0.03526953125000176,-0.06437890625000353
112,2019-09-20 08:37:23,0.017898437499997755,-0.020292968750001528
113,2019-09-24 00:37:33,0.020367187500002437,-0.03709375000000037
114,2019-09-25 00:47:45,0.001988281250000945,-0.030546874999993534
115,2019-09-26 00:54:12,0.023949218750000334,-0.03518359375000468
116,2019-09-26 20:08:59,0.01392187500000297,-0.03708984374999513
117,2019-09-30 01:37:56,-0.00012109374999802469,-0.03545312499999742
118,2019-10-01 00:53:09,0.0016484374999992113,-0.0458242187499982
119,2019-10-01 22:31:30,0.003367187499997648,-0.05700781249999398
120,2019-10-02 20:36:29,-0.011828124999994749,-0.05060156249999981
121,2019-10-07 01:34:54,-0.019435937500006162,-0.02256250000000648
122,2019-10-07 19:29:44,0.011144531249995815,-0.05640624999999844
123,2019-10-09 09:27:53,0.007855468750012307,-0.05655859375000194
124,2019-10-10 10:27:12,-0.039242187499993975,-0.04073437500000576
125,2019-10-15 20:41:28,0.014765625000002558,-0.05800390624999707
126,2019-10-16 23:01:21,0.02754687499999786,-0.04545312500000609
127,2019-10-18 02:12:24,0.030527343750008207,-0.048589843750000306
128,2019-10-21 08:34:48,0.019226562499997435,-0.05756249999999241
129,2019-10-22 06:15:51,0.028371093749999687,-0.035992187499998884
130,2019-10-24 06:33:45,0.008164062499994351,-0.08047265625000044
131,2019-10-25 01:46:19,-0.022765624999999012,-0.06229687500000303
132,2019-10-27 16:44:51,0.015539062499999368,-0.05292968749999183
133,2019-10-29 02:00:20,0.008582031250004007,-0.06078906250000227
134,2019-10-30 09:14:11,0.021753906250009614,-0.0506835937500032
135,2019-10-31 00:25:36,-0.03042187500000537,-0.06253515624999739
136,2019-11-01 02:28:01,0.011289062499995062,-0.06543359374999547
137,2019-11-05 04:26:32,-0.029210937500002032,-0.06985546875000725
138,2019-11-06 01:27:33,0.01056640624999261,-0.037367187500003674
139,2019-11-07 05:17:28,-0.015035156250005066,-0.07406249999999748
140,2019-11-08 01:25:01,-0.034289062499997414,-0.07239843749999686
141,2019-11-11 12:51:32,-0.008570312500004285,-0.044238281249986855
142,2019-11-11 14:32:02,-0.06331640625000645,0.14642968750000307
143,2019-11-12 11:26:08,0.017171874999996284,-0.04908984374999914
144,2019-11-12 16:17:50,-0.015425781249999382,0.029054687500002174
145,2019-11-12 23:44:32,0.009492187499996696,-0.05944140624999683
146,2019-11-13 01:54:20,-0.027687499999999865,0.020855468749999773
147,2019-11-14 02:14:06,0.017527343749998536,-0.05175390625000276
148,2019-11-14 04:25:28,-0.012496093750001158,0.01117187499999961
149,2019-11-15 10:12:42,0.013800781250004057,-0.07023046875000016
150,2019-11-15 12:23:32,0.011812500000011994,0.002175781250006281
151,2019-11-16 05:28:55,-0.024417968750001684,0.012664062500000739
152,2019-11-16 07:08:36,0.022402343750003162,-0.07082812500000646
153,2019-11-18 23:04:30,0.011523437499994849,-0.05796093749999631
154,2019-11-19 01:29:22,-0.014874999999998195,0.013316406250002188
155,2019-11-19 22:15:57,-0.03278515625000189,0.04218749999999982
156,2019-11-21 01:03:23,-0.004640624999997733,0.025183593750001343
157,2019-11-22 18:30:40,-0.007605468750001343,0.03853906250000083
158,2019-11-26 03:21:38,-0.006093749999994458,0.034839843749996824
159,2019-11-27 23:17:40,-0.04018359374999836,0.025246093750004306
160,2019-11-28 22:16:15,-0.0017578125000001776,0.015203124999997542
161,2019-12-02 00:02:23,0.0774335937500048,0.013433593749997641
162,2019-12-03 13:30:32,-0.0005742187500024087,0.017210937500006906
163,2019-12-04 01:37:03,-0.02770312499999683,0.02328906250000795
164,2019-12-05 02:28:06,-0.03326171875000572,0.00930859375000459
165,2019-12-06 00:49:02,-0.005171874999995829,-0.01209374999998758
166,2019-12-09 00:59:31,-0.057488281250004825,-0.08985937499999785
167,2019-12-09 11:43:01,-0.21002734375001175,-0.07223828124999354
168,2019-12-10 03:14:36,0.005128906250005727,0.014652343750002572
169,2019-12-11 00:31:56,-0.02310156250000084,-0.010253906250003553
170,2019-12-12 00:32:49,-0.050500000000004874,0.002503906249994081
171,2019-12-13 01:41:54,-0.09059374999999559,-0.08241015624999193
172,2019-12-14 01:49:09,-0.06440625000000022,-0.031390625000001116
173,2019-12-17 00:59:05,-0.09491406250000001,-0.09632812499999677
174,2019-12-17 19:57:52,-0.07341796874999496,-0.05183203125000535
175,2019-12-19 02:03:40,-0.0853007812500044,-0.04825390624999759
176,2019-12-20 06:38:08,-0.009070312499998678,-0.005246093749999403
177,2019-12-22 13:56:27,0.051953125000007816,0.023597656250003318
178,2019-12-24 00:14:19,0.038472656249995296,0.10125390625000819
179,2019-12-25 13:48:30,-0.014859374999996788,0.005085937500006743
180,2020-01-08 17:38:41,-0.08492187500000448,-0.1123593749999987
181,2020-01-12 13:25:18,0.08446484375000285,0.026605468749995254
182,2020-01-14 22:17:16,-0.1766484375000008,-0.13669531249998812
183,2020-01-15 21:40:35,-0.02730859374999728,-0.008359374999997726
184,2020-01-17 06:05:06,-0.046144531250006615,-0.052777343749998096
185,2020-01-21 03:18:56,-0.11771875000000254,-0.07628515624999999
186,2020-01-22 09:30:22,-0.096214843749995,-0.07055468749999694
187,2020-01-22 21:25:39,-0.137324218749999,-0.06919140625001052
188,2020-01-24 01:17:19,-0.1253554687500058,-0.11544140625000043
189,2020-01-26 01:01:33,-0.11426171875000879,-0.14477343750000404
190,2020-01-28 11:02:20,-0.13913281250000153,-0.14536718749999888
191,2020-01-29 06:10:34,-0.17917578125000144,-0.17811718749999628
192,2020-01-29 20:19:20,-0.13482421875000217,-0.1664257812500045
193,2020-01-31 04:39:08,-0.15777343749999417,-0.17782031249999175
194,2020-02-01 01:21:20,-0.17799218750001167,-0.15601562499999755
195,2020-02-03 22:48:11,-0.16443359375000988,-0.17160546874999216
196,2020-02-04 21:54:03,-0.1690468749999976,-0.13967187499999767
197,2020-02-06 06:40:22,-0.17116015625000092,-0.196011718750003
198,2020-02-06 13:37:37,-0.21923046875000285,-0.155480468750004
199,2020-02-06 18:41:41,-0.23816406250000544,-0.23705468749999792
200,2020-02-07 14:29:00,0.10608984375000396,0.17157421875000267
201,2020-02-07 17:57:46,-0.02245703125000098,0.0035468749999996163
202,2020-02-08 01:42:17,0.008628906249998458,0.0036406250000018403
203,2020-02-12 06:50:59,0.03133984375000054,0.022320312500004214
204,2020-02-12 20:19:25,-0.0036679687499896474,0.04178906249999592
205,2020-02-13 20:39:54,-0.02201562500000165,0.021144531250004484
206,2020-02-17 01:31:55,-0.0076914062499930935,-0.019835937499993683
207,2020-02-17 22:22:36,-0.03184374999999573,-0.0015937499999942872
208,2020-02-18 21:35:49,-0.05543750000001069,-0.00012890625000228084
209,2020-02-20 01:35:55,0.023687500000005635,-0.016667968749996653
210,2020-02-21 03:08:28,-0.005070312500002672,-0.01146484374999801
211,2020-02-24 07:49:48,-0.0005859375000012434,-0.14193359375000014
212,2020-02-27 11:54:05,-0.15729296874999754,-0.07094921875000626
213,2020-02-27 20:24:36,-0.08031640625000236,-0.0931601562499953
214,2020-03-02 11:35:40,-0.1130898437500063,0.010687499999999517
215,2020-03-03 02:21:48,-0.04598046874999717,-0.021269531249997087
216,2020-03-03 20:00:15,-0.06170703124999655,-0.02075390624999951
217,2020-03-04 19:13:58,-0.13237890625000048,0.0013710937500039933
218,2020-03-06 10:24:43,-0.1197304687499976,0.019015625000001535
219,2020-03-08 07:56:02,-0.006066406249999545,-0.04341406250000013
220,2020-03-10 00:42:58,-0.03317187500000607,0.0034648437499944507
221,2020-03-11 07:16:11,-0.042949218750008455,-0.008132812499993314
222,2020-03-12 00:30:00,-0.10588671874999633,-0.08687890625000616
223,2020-03-12 23:05:47,0.01407812500000194,0.0430898437499998
224,2020-03-14 00:35:06,-0.013488281249994571,0.05691406250000153
225,2020-03-16 16:29:09,-0.01865625000000115,0.060386718749999346
226,2020-03-18 04:12:12,0.007984374999997712,0.006304687500003681
227,2020-03-19 00:56:42,-0.06866796874999981,0.12068750000000783
228,2020-03-20 00:06:46,-0.005453125000001613,0.008324218749998558
229,2020-03-23 22:02:04,0.016609375000004256,0.05496093749999442
230,2020-03-25 00:23:27,0.024101562500000284,0.017648437500001002
231,2020-03-25 21:21:47,-0.000945312500000739,0.0333671874999979
232,2020-03-29 23:50:53,0.06662109375000824,0.023519531250000725
233,2020-03-31 01:15:43,0.031578125000000234,0.03385546874999523
234,2020-03-31 21:43:23,-0.01176562499999978,0.05529296874999279
235,2020-04-01 21:34:28,0.0063281249999986855,0.02032421874999102
236,2020-04-02 22:53:13,0.026703124999997385,0.023847656249999183
237,2020-04-06 12:06:25,0.0397695312500046,0.008976562500005336
238,2020-04-08 09:58:28,0.004816406249998018,0.030226562499999332
239,2020-04-08 22:37:25,-0.04352343750000376,0.03953515624999948
240,2020-04-11 08:19:29,0.05132812500000128,0.022820312500000384
241,2020-04-13 15:12:37,-0.03251171875000036,0.029527343750006985
242,2020-04-14 21:53:38,-0.017703124999997932,0.04831249999999354
243,2020-04-15 20:19:54,-0.03221093749999859,0.0393984374999965
244,2020-04-17 01:32:58,0.0345625000000096,0.029832031250000668
245,2020-04-22 00:12:01,0.07044921875000387,0.013222656249994635
246,2020-05-07 10:21:06,-0.05631249999999266,-0.18923828124999353
247,2020-05-07 12:53:20,0.0051054687500027285,0.023351562500002032
248,2020-05-08 07:05:00,-0.01294531250000297,0.026964843750011624
249,2020-05-12 00:15:00,-0.19262890625000395,-0.16229296874999655
250,2020-05-14 20:46:15,0.06263671874999854,0.06450390624999702
251,2020-05-15 19:10:03,0.0620976562500104,0.08989062499999712
252,2020-05-18 23:12:33,-0.017253906249995232,0.039570312500006644
253,2020-05-19 22:24:39,-0.014605468750005457,0.023566406250004945
254,2020-05-21 22:32:13,0.008675781249999126,0.029445312500004484
255,2020-05-23 20:50:24,0.045730468750006636,0.0017851562500004192
256,2020-05-27 13:17:03,0.027781249999995872,0.016648437500005997
257,2020-06-02 05:06:35,0.06793749999999754,0.0287070312500024
258,2020-06-02 19:57:24,0.02724218750000773,0.036910156249997605
259,2020-06-04 20:40:55,-0.015249999999985775,0.048992187500005
260,2020-06-14 21:55:37,0.012601562499998664,0.027804687500000647
261,2020-06-17 00:21:39,0.08582812500000081,0.08248828124999985
262,2020-06-18 18:47:53,0.09083593749999963,0.04723828125000118
263,2020-06-20 10:06:57,0.03892968750000225,0.024980468750006146
264,2020-06-23 21:43:16,-0.058171875000009976,0.006269531250000959
265,2020-06-27 11:28:29,-0.003386718749996298,-0.035539062499987395
266,2020-06-29 23:12:37,-0.056082031249999886,-0.010320312500005535
267,2020-07-03 02:30:14,-0.018765624999999453,-0.03820703125000069
268,2020-07-06 02:24:59,0.007636718749997051,-0.0042226562500014
269,2020-07-06 21:53:55,0.023882812500002792,-0.08204296875000416
270,2020-07-07 20:39:46,-0.08727343750000127,-0.04663671874999942
271,2020-07-11 09:32:27,-0.061906249999997165,-0.08914062499999265
272,2020-07-14 02:46:38,-0.08634765624999385,-0.0972499999999954
273,2020-07-14 23:30:14,-0.14694921875000233,-0.12478124999999629
274,2020-07-17 19:47:12,-0.07142578125000032,-0.09092578125000284
275,2020-07-20 20:40:58,-0.10026562499999514,-0.1253632812499994
276,2020-07-21 21:34:36,-0.11559375000000394,-0.11579296875000011
277,2020-07-25 16:53:50,-0.09209374999999831,-0.1242968749999962
278,2020-07-28 02:44:58,-0.10422265625000104,-0.13855468749999567
279,2020-07-29 00:23:24,-0.1554023437499925,-0.15660937500000127
280,2020-08-04 01:17:47,-0.16704296874999613,-0.16118750000000137
281,2020-08-06 08:31:53,-0.16563281249999484,-0.18887890625000114
282,2020-08-11 02:50:36,-0.18415624999999736,-0.17144140625000137
283,2020-08-11 22:44:46,-0.20630078124999596,-0.23776953124999967
284,2020-08-13 21:58:03,-0.26207031250000945,-0.23949609375000058
285,2020-08-15 06:03:59,-0.10841796875000753,-0.13928906249999873
286,2020-08-24 12:37:28,-0.05480078125000176,-0.08977343750000166
287,2020-08-25 21:45:08,-0.03386718749999407,-0.07262499999999505
288,2020-08-27 02:45:20,-0.0027265624999950333,-0.10638671875000405
289,2020-08-29 22:48:35,0.0054062500000133795,-0.0696054687499954
290,2020-09-05 03:05:47,-0.021785156249998217,-0.08994531250000204
291,2020-09-11 07:30:16,0.0693554687500022,-0.1010312499999948
292,2020-09-26 22:40:36,-0.0027539062500094857,-0.041906250000000256
293,2020-10-05 01:57:26,0.06447656250000833,-0.07130468749999874
294,2020-10-11 17:02:33,0.04025781249999483,-0.05749609374999576
295,2020-10-18 17:39:10,0.055035156249993555,-0.043246093749996106
296,2020-10-24 14:50:59,0.15439062500000045,-0.22598437499999324
297,2020-11-02 04:56:54,0.07048828124999584,-0.050621093749995794
298,2020-11-14 05:30:51,0.012183593749999666,-0.01762500000000422
299,2020-11-26 08:25:23,0.0857382812499985,-0.048566406249998195
300,2020-12-06 00:29:36,-0.01071484374999887,-0.05624999999999769
301,2020-12-12 04:18:31,-0.009874999999992973,-0.08925781249999964
302,2020-12-20 00:58:11,-0.012964843749998067,-0.0387929687500046
303,2021-01-05 01:43:48,-0.05591015625000306,-0.06464453124999725
304,2021-01-05 12:33:23,-0.04102734374999795,-0.1015234374999947
305,2021-01-09 13:24:00,-0.07500390625000275,-0.12564062499999284
306,2021-01-19 03:19:04,0.010894531249997286,-0.04800390624999462
307,2021-01-25 06:45:35,0.04428515624999907,-0.02408203124999897
308,2021-01-30 01:46:02,0.024363281250002977,-0.005667968749998309
309,2021-02-06 23:44:18,0.07059374999999068,0.003644531249997307
310,2021-02-22 11:53:21,0.01287500000000108,-0.08285156249999925
311,2021-02-27 08:28:34,-0.023878906250003773,-0.09680859374999873
312,2021-03-06 09:21:47,-0.04227343750000134,-0.10218749999999588
313,2021-03-13 00:29:02,-0.0211914062500016,-0.11928906249999915
314,2021-03-20 23:51:29,-0.023539062499999375,-0.10725781250000299
315,2021-03-27 12:03:12,-0.11297656250000276,-0.12523046875001054
316,2021-04-05 04:47:56,-0.13993749999999583,-0.13569921875000457
317,2021-04-10 23:46:26,-0.1305937499999983,-0.1379218749999973
318,2021-04-17 16:12:35,-0.13031249999999517,-0.1775117187499955
319,2021-04-24 02:36:42,-0.14724609374999353,-0.20645312499999413
320,2021-05-10 14:59:46,0.07827343750000626,0.06304687499999329
321,2021-05-17 15:51:52,-0.01598437500000216,-0.030382812499997414
322,2021-05-23 09:03:38,-0.11713281249999508,-0.17967968750000107
323,2021-05-29 01:12:45,-0.2514218750000081,-0.32667187500000505
324,2021-06-02 11:37:44,-0.3145820312499996,-0.3929726562500031
325,2021-06-07 13:20:49,-0.3484140624999963,-0.3935156250000009
326,2021-06-10 21:42:33,-0.11155468749999731,-0.17846484374999605
327,2021-06-13 14:30:43,-0.11658203125000544,-0.16060156249999302
328,2021-06-23 01:54:21,-0.0338906249999944,0.022574218750000874
329,2021-06-26 22:48:08,0.008679687500003475,-0.009851562499989086
330,2021-07-03 23:19:06,-0.0009726562499947633,-0.09441015624999771
331,2021-07-06 13:41:55,-0.08130468750000208,-0.12967187500000144
332,2021-07-22 06:41:49,-0.06470703124999844,-0.18037499999999618
333,2021-08-02 05:05:15,-0.07982421874999979,-0.19688281249999573
334,2021-08-21 20:06:37,-0.11021875000000403,-0.282277343750005
335,2021-10-03 14:41:49,-0.21167578124999853,-0.3377929687500014
336,2021-10-16 15:57:57,-0.18316796875000563,-0.30566406250000266
337,2021-10-23 16:21:37,-0.2403671874999942,-0.34777343750000167
338,2021-10-30 10:58:46,-0.23580859374999896,-0.34690624999999553
339,2021-11-07 00:08:00,-0.21699218749999183,-0.32837890625000554
340,2021-11-15 09:55:03,-0.23093359375000055,-0.3476640625000069
341,2021-12-19 16:52:00,-0.1720234374999956,-0.24668750000000106
342,2021-12-25 07:07:36,-0.20246874999999687,-0.24203906249999907
343,2022-01-05 16:21:55,-0.14833203124999894,-0.31632421874999395
344,2022-01-09 04:03:59,-0.19854296874999822,-0.29383593749999637
345,2022-01-16 10:21:33,-0.1550234374999997,-0.2777851562500002
346,2022-01-22 04:55:08,-0.195937499999995,-0.3062382812499971
347,2022-01-28 03:47:33,-0.19737500000000097,-0.2862070312499947
348,2022-02-05 15:04:53,-0.15724218750000407,-0.25877734374999495
349,2022-02-06 05:37:41,-0.12378125000000484,-0.2877070312499965
350,2022-02-11 02:01:26,-0.1710078124999974,-0.2805937500000075
351,2022-02-19 06:09:39,-0.12301953124998999,-0.24286718750000524
352,2022-02-28 12:53:31,-0.13962109374999798,-0.24092968749999777
353,2022-03-04 15:18:36,-0.08889843749999748,-0.2181601562500033
354,2022-03-14 17:02:17,-0.2244296875000007,-0.3250312499999968
355,2022-03-22 05:50:21,-0.2068867187500052,-0.3054453125000016
356,2022-03-26 13:21:29,-0.20162890625000163,-0.2548828125000089
357,2022-04-02 03:32:15,-0.16914062499999716,-0.28411328125000246
358,2022-04-09 06:27:08,-0.1101718750000078,-0.21478906250000573
359,2022-04-16 02:43:47,-0.12491406250000203,-0.18499609375000237
360,2022-04-23 02:22:08,-0.10605859374999849,-0.17949218749999485
361,2022-04-28 21:48:17,-0.09597656249999442,-0.18214453125000585
362,2022-05-07 04:50:25,-0.14832812500001058,-0.2446757812499989
363,2022-05-14 20:46:27,-0.191359375000002,-0.2460742187499969
364,2022-05-20 02:50:11,-0.16369531249999625,-0.2795546875000001
365,2022-05-21 00:32:32,-0.13233203125000337,-0.2202578124999972
366,2022-05-29 21:52:02,-0.16757812500000124,-0.27366015625000184
367,2022-06-05 17:29:21,-0.17645703124999645,-0.252582031249994
368,2022-06-10 00:01:57,0.01632421874999679,-0.12072265624999723
369,2022-06-13 09:52:24,0.015101562499999055,-0.1514765624999992
370,2022-06-18 16:29:51,0.0010078124999948201,-0.15591015624999827
371,2022-06-26 08:57:51,0.03373437499999543,-0.12437109374999711
372,2022-07-02 02:06:15,0.11277734375000481,-0.018480468749996426
373,2022-07-08 23:24:10,0.026785156249996334,-0.03413671875000368
374,2022-07-16 17:01:27,0.0854765624999958,-0.047148437500007745
375,2022-07-24 01:43:27,0.1440078124999964,-0.017792968750007354
376,2022-07-29 05:51:25,0.16450390624999756,-0.009156249999996646
377,2022-08-10 15:51:58,0.10125000000000295,0.10058984375000168
378,2022-08-16 12:24:56,0.06801953124999205,0.008457031249996305
379,2022-08-20 08:10:02,0.06831249999999844,0.0053359374999963904
380,2022-08-28 23:29:21,0.0411601562500028,-0.06307421874999974
381,2022-09-03 08:50:25,-0.016597656250003645,-0.1186796874999958
382,2022-09-10 01:07:08,0.03940234374999996,-0.0938671874999919
383,2022-09-16 05:36:06,0.0411289062499991,-0.03270312500000205
384,2022-09-20 22:15:00,0.01842968750000651,-0.0648125000000066
385,2022-09-24 05:34:08,-0.05328515625000119,-0.019679687500004484
386,2022-09-30 00:10:44,-0.03841796875000458,-0.04797265625000868
387,2022-10-07 21:16:59,-0.08308593749999726,-0.07610156249999545
388,2022-10-15 03:44:17,-0.07221875000000555,-0.0756679687499986
389,2022-10-22 00:32:04,-0.11192187500000284,-0.0797031249999911
390,2022-10-28 22:48:03,-0.07749609374999977,-0.0825859375000002
391,2022-11-05 22:51:33,-0.03226171874999917,-0.04360156249999658
392,2022-11-12 06:21:57,-0.040113281250003574,-0.04820312500000057
393,2022-11-12 13:46:46,-0.0098046874999973,-0.04336328124999955
394,2022-11-18 15:05:52,-0.05100390625000717,0.000906250000003439
395,2022-11-19 16:48:58,0.03296093749999507,-0.04705859374999655
396,2022-11-25 09:45:47,-0.011281249999997911,-0.027437499999991566
397,2022-12-04 02:30:49,0.04042578125000773,-0.04010546874999843
398,2022-12-09 11:14:07,0.03623046874999947,-0.07324999999999804
399,2022-12-17 05:36:30,0.02707421875000282,-0.1179335937500019
400,2022-12-25 07:17:49,-0.01032031249999843,-0.07749609374999622
401,2023-01-11 21:35:38,-0.05278906250000048,-0.14093750000000238
402,2023-01-13 18:40:48,-0.09230859375000477,-0.11908984375000564
403,2023-01-20 23:47:34,-0.11383984375000455,-0.15363281249999616
404,2023-01-28 13:00:16,-0.07042578125000176,-0.11709765624999235
405,2023-02-03 18:24:57,-0.1254804687499993,-0.1602929687500021
406,2023-02-10 14:20:34,-0.10537500000000044,-0.09958593749999878
407,2023-02-17 10:01:08,-0.052871093750002096,-0.1128203125000038
408,2023-02-24 14:35:33,-0.08440625000000157,-0.1146054687500051
409,2023-03-06 18:42:30,-0.11132812500000266,-0.11549999999999638
410,2023-03-10 14:25:45,-0.12851171875000222,-0.15116406249999415
411,2023-03-17 23:40:02,-0.07309765624999986,-0.12030078124999566
412,2023-03-25 09:18:05,-0.11090234375000652,-0.12732031250000198
413,2023-03-31 18:16:34,-0.05901562500000335,-0.07712890625000313
414,2023-04-07 12:32:26,0.010812500000001002,0.006296875000002089
415,2023-04-14 21:05:11,0.016589843749990507,-0.01739453125000434
416,2023-04-21 20:09:35,-0.010746093750000796,-0.05794531249999668
417,2023-04-28 21:13:12,-0.024089843749994344,-0.07335937499999634
