<STAT>,<GENE>,<XDPS>,<YDPS>,<XPOS>,<YPOS>,<ZPOS>,<MIDA>,<COLA>,<ROWA>,<SITE>,<OWNER>,<ORIG>,<SNAM>,<DBMMEAS>,<ROTA>,<AFQV>,<PMQV>,<FPMQV>,<FPMXG>,<FPMYG>,<FLD1>,<RFLD1>,<COND1>,<XFDP1>,<YFDP1>,<AXS1>,<ANG1>,<TYP1>,<LBL1>,<CD_1>,<CCD1>,<DES1>,<CAL1>,<FLD2>,<RFLD2>,<COND2>,<XFDP2>,<YFDP2>,<AXS2>,<ANG2>,<TYP2>,<LBL2>,<CD_2>,<CCD2>,<DES2>,<CAL2>,<IMAG>,<JOBN>,<RECP>,<MET1>,<MET2>,<POS1>,<POS2>,<BEAM>,<SCAN>,<TOOLN>,<Ver.>,<DATE>,<TIME>
0,1,-29859.000,-32707.025,-29859.016860,-32707.092471,-70.683594,0,4,4,1,-,1,Hor 50nm,CD Meas,270.0,83,85,-,-,-,1,0,,-29859.000,-32707.000,Y,90.000000,1,SPACE-Y,48.668,48.668,50.000,,2,0,,-29859.000,-32707.025,Y,90.000000,2,PICHR-Y,100.006,100.006,100.000,,C:\DATADIR\result\QC\No 14 SEBP504G-W4F\CD mean 160pA\CD_mean_160pA_V01_4-4\CD_mean_160pA_V01_4-4.000.A00004004S0001.bmp,CD_mean_160pA_V01_4-4.job,@1:RCP:1:1:4:SPACE-Y:1:E/l2.250/S6/D5/P2/$1/N000000/T00/W0:0.000:0.025:0.0500:0.000:999.999:0.020:10040.000:0.000:0.050:0.000;@2:RCP:1:1:4:PICHR-Y:2:E/l2.250/S6/D5/P1/$1/N000000/T00/W0:0.000:0.000:0.1000:0.000:999.999:0.030:10040.000:0.000:0.100:0.000;@E,S06:D05:F40pix,S06:D05:F40pix,1.214494:50.032862,-49.973297:50.032862,BE1200_LIP:1200eV:-168.302pA:O3on:GasOn,LINE_FULL:50000:16:0x0:28.00%+0.00:SSS0:SRSA0,E3640 NFT01,5.03A (5.03.2004),11/28/2023,15:25:07
0,1,-29856.000,-32707.025,-29856.016860,-32707.092471,-70.683594,0,4,4,2,-,2,Hor 50nm,CD Meas,270.0,83,999,-,-,-,1,0,,-29856.000,-32707.000,Y,90.000000,1,SPACE-Y,48.826,48.826,50.000,,2,0,,-29856.000,-32707.025,Y,90.000000,2,PICHR-Y,100.147,100.147,100.000,,C:\DATADIR\result\QC\No 14 SEBP504G-W4F\CD mean 160pA\CD_mean_160pA_V01_4-4\CD_mean_160pA_V01_4-4.000.A00004004S0002.bmp,CD_mean_160pA_V01_4-4.job,@1:RCP:1:1:4:SPACE-Y:1:E/l2.250/S6/D5/P2/$1/N000000/T00/W0:0.000:0.025:0.0500:0.000:999.999:0.020:10040.000:0.000:0.050:0.000;@2:RCP:1:1:4:PICHR-Y:2:E/l2.250/S6/D5/P1/$1/N000000/T00/W0:0.000:0.000:0.1000:0.000:999.999:0.030:10040.000:0.000:0.100:0.000;@E,S06:D05:F40pix,S06:D05:F40pix,1.238390:50.214211,-49.932540:50.214211,BE1200_LIP:1200eV:-168.302pA:O3on:GasOn,LINE_FULL:50000:16:0x0:28.00%+0.00:SSS0:SRSA0,E3640 NFT01,5.03A (5.03.2004),11/28/2023,15:25:10
0,1,-29853.000,-32707.025,-29853.016860,-32707.092471,-70.683594,0,4,4,3,-,3,Hor 50nm,CD Meas,270.0,83,999,-,-,-,1,0,,-29853.000,-32707.000,Y,90.000000,1,SPACE-Y,48.571,48.571,50.000,,2,0,,-29853.000,-32707.025,Y,90.000000,2,PICHR-Y,100.110,100.110,100.000,,C:\DATADIR\result\QC\No 14 SEBP504G-W4F\CD mean 160pA\CD_mean_160pA_V01_4-4\CD_mean_160pA_V01_4-4.000.A00004004S0003.bmp,CD_mean_160pA_V01_4-4.job,@1:RCP:1:1:4:SPACE-Y:1:E/l2.250/S6/D5/P2/$1/N000000/T00/W0:0.000:0.025:0.0500:0.000:999.999:0.020:10040.000:0.000:0.050:0.000;@2:RCP:1:1:4:PICHR-Y:2:E/l2.250/S6/D5/P1/$1/N000000/T00/W0:0.000:0.000:0.1000:0.000:999.999:0.030:10040.000:0.000:0.100:0.000;@E,S06:D05:F40pix,S06:D05:F40pix,0.573512:49.294812,-50.815146:49.294812,BE1200_LIP:1200eV:-168.302pA:O3on:GasOn,LINE_FULL:50000:16:0x0:28.00%+0.00:SSS0:SRSA0,E3640 NFT01,5.03A (5.03.2004),11/28/2023,15:25:13
0,1,-29850.000,-32707.025,-29850.016860,-32707.092471,-70.683594,0,4,4,4,-,4,Hor 50nm,CD Meas,270.0,83,999,-,-,-,1,0,,-29850.000,-32707.000,Y,90.000000,1,SPACE-Y,48.605,48.605,50.000,,2,0,,-29850.000,-32707.025,Y,90.000000,2,PICHR-Y,100.142,100.142,100.000,,C:\DATADIR\result\QC\No 14 SEBP504G-W4F\CD mean 160pA\CD_mean_160pA_V01_4-4\CD_mean_160pA_V01_4-4.000.A00004004S0004.bmp,CD_mean_160pA_V01_4-4.job,@1:RCP:1:1:4:SPACE-Y:1:E/l2.250/S6/D5/P2/$1/N000000/T00/W0:0.000:0.025:0.0500:0.000:999.999:0.020:10040.000:0.000:0.050:0.000;@2:RCP:1:1:4:PICHR-Y:2:E/l2.250/S6/D5/P1/$1/N000000/T00/W0:0.000:0.000:0.1000:0.000:999.999:0.030:10040.000:0.000:0.100:0.000;@E,S06:D05:F40pix,S06:D05:F40pix,0.414672:49.169695,-50.972553:49.169695,BE1200_LIP:1200eV:-168.302pA:O3on:GasOn,LINE_FULL:50000:16:0x0:28.00%+0.00:SSS0:SRSA0,E3640 NFT01,5.03A (5.03.2004),11/28/2023,15:25:16
0,1,-29847.000,-32707.025,-29847.016860,-32707.092471,-70.683594,0,4,4,5,-,5,Hor 50nm,CD Meas,270.0,83,999,-,-,-,1,0,,-29847.000,-32707.000,Y,90.000000,1,SPACE-Y,48.162,48.162,50.000,,2,0,,-29847.000,-32707.025,Y,90.000000,2,PICHR-Y,99.806,99.806,100.000,,C:\DATADIR\result\QC\No 14 SEBP504G-W4F\CD mean 160pA\CD_mean_160pA_V01_4-4\CD_mean_160pA_V01_4-4.000.A00004004S0005.bmp,CD_mean_160pA_V01_4-4.job,@1:RCP:1:1:4:SPACE-Y:1:E/l2.250/S6/D5/P2/$1/N000000/T00/W0:0.000:0.025:0.0500:0.000:999.999:0.020:10040.000:0.000:0.050:0.000;@2:RCP:1:1:4:PICHR-Y:2:E/l2.250/S6/D5/P1/$1/N000000/T00/W0:0.000:0.000:0.1000:0.000:999.999:0.030:10040.000:0.000:0.100:0.000;@E,S06:D05:F40pix,S06:D05:F40pix,-0.721099:47.590978,-52.214941:47.590978,BE1200_LIP:1200eV:-168.302pA:O3on:GasOn,LINE_FULL:50000:16:0x0:28.00%+0.00:SSS0:SRSA0,E3640 NFT01,5.03A (5.03.2004),11/28/2023,15:25:19
0,1,-29844.000,-32707.025,-29844.016860,-32707.092471,-70.683594,0,4,4,6,-,6,Hor 50nm,CD Meas,270.0,83,999,-,-,-,1,0,,-29844.000,-32707.000,Y,90.000000,1,SPACE-Y,48.310,48.310,50.000,,2,0,,-29844.000,-32707.025,Y,90.000000,2,PICHR-Y,99.884,99.884,100.000,,C:\DATADIR\result\QC\No 14 SEBP504G-W4F\CD mean 160pA\CD_mean_160pA_V01_4-4\CD_mean_160pA_V01_4-4.000.A00004004S0006.bmp,CD_mean_160pA_V01_4-4.job,@1:RCP:1:1:4:SPACE-Y:1:E/l2.250/S6/D5/P2/$1/N000000/T00/W0:0.000:0.025:0.0500:0.000:999.999:0.020:10040.000:0.000:0.050:0.000;@2:RCP:1:1:4:PICHR-Y:2:E/l2.250/S6/D5/P1/$1/N000000/T00/W0:0.000:0.000:0.1000:0.000:999.999:0.030:10040.000:0.000:0.100:0.000;@E,S06:D05:F40pix,S06:D05:F40pix,0.223502:48.683287,-51.200231:48.683287,BE1200_LIP:1200eV:-168.302pA:O3on:GasOn,LINE_FULL:50000:16:0x0:28.00%+0.00:SSS0:SRSA0,E3640 NFT01,5.03A (5.03.2004),11/28/2023,15:25:21
0,1,-29841.000,-32707.025,-29841.016860,-32707.092471,-70.683594,0,4,4,7,-,7,Hor 50nm,CD Meas,270.0,83,999,-,-,-,1,0,,-29841.000,-32707.000,Y,90.000000,1,SPACE-Y,48.814,48.814,50.000,,2,0,,-29841.000,-32707.025,Y,90.000000,2,PICHR-Y,100.380,100.380,100.000,,C:\DATADIR\result\QC\No 14 SEBP504G-W4F\CD mean 160pA\CD_mean_160pA_V01_4-4\CD_mean_160pA_V01_4-4.000.A00004004S0007.bmp,CD_mean_160pA_V01_4-4.job,@1:RCP:1:1:4:SPACE-Y:1:E/l2.250/S6/D5/P2/$1/N000000/T00/W0:0.000:0.025:0.0500:0.000:999.999:0.020:10040.000:0.000:0.050:0.000;@2:RCP:1:1:4:PICHR-Y:2:E/l2.250/S6/D5/P1/$1/N000000/T00/W0:0.000:0.000:0.1000:0.000:999.999:0.030:10040.000:0.000:0.100:0.000;@E,S06:D05:F40pix,S06:D05:F40pix,0.068880:49.033333,-51.346394:49.033333,BE1200_LIP:1200eV:-168.302pA:O3on:GasOn,LINE_FULL:50000:16:0x0:28.00%+0.00:SSS0:SRSA0,E3640 NFT01,5.03A (5.03.2004),11/28/2023,15:25:24
0,1,-29838.000,-32707.025,-29838.016860,-32707.092471,-70.683594,0,4,4,8,-,8,Hor 50nm,CD Meas,270.0,83,999,-,-,-,1,0,,-29838.000,-32707.000,Y,90.000000,1,SPACE-Y,48.830,48.830,50.000,,2,0,,-29838.000,-32707.025,Y,90.000000,2,PICHR-Y,100.135,100.135,100.000,,C:\DATADIR\result\QC\No 14 SEBP504G-W4F\CD mean 160pA\CD_mean_160pA_V01_4-4\CD_mean_160pA_V01_4-4.000.A00004004S0008.bmp,CD_mean_160pA_V01_4-4.job,@1:RCP:1:1:4:SPACE-Y:1:E/l2.250/S6/D5/P2/$1/N000000/T00/W0:0.000:0.025:0.0500:0.000:999.999:0.020:10040.000:0.000:0.050:0.000;@2:RCP:1:1:4:PICHR-Y:2:E/l2.250/S6/D5/P1/$1/N000000/T00/W0:0.000:0.000:0.1000:0.000:999.999:0.030:10040.000:0.000:0.100:0.000;@E,S06:D05:F40pix,S06:D05:F40pix,0.695804:49.675786,-50.459574:49.675786,BE1200_LIP:1200eV:-168.302pA:O3on:GasOn,LINE_FULL:50000:16:0x0:28.00%+0.00:SSS0:SRSA0,E3640 NFT01,5.03A (5.03.2004),11/28/2023,15:25:27
0,1,-29859.000,-32704.025,-29859.016860,-32704.092471,-70.683594,0,4,4,9,-,9,Hor 50nm,CD Meas,270.0,83,999,-,-,-,1,0,,-29859.000,-32704.000,Y,90.000000,1,SPACE-Y,48.668,48.668,50.000,,2,0,,-29859.000,-32704.025,Y,90.000000,2,PICHR-Y,100.078,100.078,100.000,,C:\DATADIR\result\QC\No 14 SEBP504G-W4F\CD mean 160pA\CD_mean_160pA_V01_4-4\CD_mean_160pA_V01_4-4.000.A00004004S0009.bmp,CD_mean_160pA_V01_4-4.job,@1:RCP:1:1:4:SPACE-Y:1:E/l2.250/S6/D5/P2/$1/N000000/T00/W0:0.000:0.025:0.0500:0.000:999.999:0.020:10040.000:0.000:0.050:0.000;@2:RCP:1:1:4:PICHR-Y:2:E/l2.250/S6/D5/P1/$1/N000000/T00/W0:0.000:0.000:0.1000:0.000:999.999:0.030:10040.000:0.000:0.100:0.000;@E,S06:D05:F40pix,S06:D05:F40pix,-2.090206:46.727818,-53.350511:46.727818,BE1200_LIP:1200eV:-168.302pA:O3on:GasOn,LINE_FULL:50000:16:0x0:28.00%+0.00:SSS0:SRSA0,E3640 NFT01,5.03A (5.03.2004),11/28/2023,15:25:30
0,1,-29856.000,-32704.025,-29856.016860,-32704.092471,-70.683594,0,4,4,10,-,10,Hor 50nm,CD Meas,270.0,83,999,-,-,-,1,0,,-29856.000,-32704.000,Y,90.000000,1,SPACE-Y,48.866,48.866,50.000,,2,0,,-29856.000,-32704.025,Y,90.000000,2,PICHR-Y,100.355,100.355,100.000,,C:\DATADIR\result\QC\No 14 SEBP504G-W4F\CD mean 160pA\CD_mean_160pA_V01_4-4\CD_mean_160pA_V01_4-4.000.A00004004S0010.bmp,CD_mean_160pA_V01_4-4.job,@1:RCP:1:1:4:SPACE-Y:1:E/l2.250/S6/D5/P2/$1/N000000/T00/W0:0.000:0.025:0.0500:0.000:999.999:0.020:10040.000:0.000:0.050:0.000;@2:RCP:1:1:4:PICHR-Y:2:E/l2.250/S6/D5/P1/$1/N000000/T00/W0:0.000:0.000:0.1000:0.000:999.999:0.030:10040.000:0.000:0.100:0.000;@E,S06:D05:F40pix,S06:D05:F40pix,-1.779557:47.236717,-53.118620:47.236717,BE1200_LIP:1200eV:-168.302pA:O3on:GasOn,LINE_FULL:50000:16:0x0:28.00%+0.00:SSS0:SRSA0,E3640 NFT01,5.03A (5.03.2004),11/28/2023,15:25:33
0,1,-29853.000,-32704.025,-29853.016860,-32704.092471,-70.683594,0,4,4,11,-,11,Hor 50nm,CD Meas,270.0,83,999,-,-,-,1,0,,-29853.000,-32704.000,Y,90.000000,1,SPACE-Y,48.353,48.353,50.000,,2,0,,-29853.000,-32704.025,Y,90.000000,2,PICHR-Y,100.021,100.021,100.000,,C:\DATADIR\result\QC\No 14 SEBP504G-W4F\CD mean 160pA\CD_mean_160pA_V01_4-4\CD_mean_160pA_V01_4-4.000.A00004004S0011.bmp,CD_mean_160pA_V01_4-4.job,@1:RCP:1:1:4:SPACE-Y:1:E/l2.250/S6/D5/P2/$1/N000000/T00/W0:0.000:0.025:0.0500:0.000:999.999:0.020:10040.000:0.000:0.050:0.000;@2:RCP:1:1:4:PICHR-Y:2:E/l2.250/S6/D5/P1/$1/N000000/T00/W0:0.000:0.000:0.1000:0.000:999.999:0.030:10040.000:0.000:0.100:0.000;@E,S06:D05:F40pix,S06:D05:F40pix,-1.743010:46.760151,-53.260566:46.760151,BE1200_LIP:1200eV:-168.302pA:O3on:GasOn,LINE_FULL:50000:16:0x0:28.00%+0.00:SSS0:SRSA0,E3640 NFT01,5.03A (5.03.2004),11/28/2023,15:25:35
0,1,-29850.000,-32704.025,-29850.016860,-32704.092471,-70.683594,0,4,4,12,-,12,Hor 50nm,CD Meas,270.0,83,999,-,-,-,1,0,,-29850.000,-32704.000,Y,90.000000,1,SPACE-Y,48.464,48.464,50.000,,2,0,,-29850.000,-32704.025,Y,90.000000,2,PICHR-Y,99.924,99.924,100.000,,C:\DATADIR\result\QC\No 14 SEBP504G-W4F\CD mean 160pA\CD_mean_160pA_V01_4-4\CD_mean_160pA_V01_4-4.000.A00004004S0012.bmp,CD_mean_160pA_V01_4-4.job,@1:RCP:1:1:4:SPACE-Y:1:E/l2.250/S6/D5/P2/$1/N000000/T00/W0:0.000:0.025:0.0500:0.000:999.999:0.020:10040.000:0.000:0.050:0.000;@2:RCP:1:1:4:PICHR-Y:2:E/l2.250/S6/D5/P1/$1/N000000/T00/W0:0.000:0.000:0.1000:0.000:999.999:0.030:10040.000:0.000:0.100:0.000;@E,S06:D05:F40pix,S06:D05:F40pix,-2.322139:46.292020,-53.631593:46.292020,BE1200_LIP:1200eV:-168.302pA:O3on:GasOn,LINE_FULL:50000:16:0x0:28.00%+0.00:SSS0:SRSA0,E3640 NFT01,5.03A (5.03.2004),11/28/2023,15:25:38
0,1,-29847.000,-32704.025,-29847.016860,-32704.092471,-70.683594,0,4,4,13,-,13,Hor 50nm,CD Meas,270.0,83,999,-,-,-,1,0,,-29847.000,-32704.000,Y,90.000000,1,SPACE-Y,48.838,48.838,50.000,,2,0,,-29847.000,-32704.025,Y,90.000000,2,PICHR-Y,100.034,100.034,100.000,,C:\DATADIR\result\QC\No 14 SEBP504G-W4F\CD mean 160pA\CD_mean_160pA_V01_4-4\CD_mean_160pA_V01_4-4.000.A00004004S0013.bmp,CD_mean_160pA_V01_4-4.job,@1:RCP:1:1:4:SPACE-Y:1:E/l2.250/S6/D5/P2/$1/N000000/T00/W0:0.000:0.025:0.0500:0.000:999.999:0.020:10040.000:0.000:0.050:0.000;@2:RCP:1:1:4:PICHR-Y:2:E/l2.250/S6/D5/P1/$1/N000000/T00/W0:0.000:0.000:0.1000:0.000:999.999:0.030:10040.000:0.000:0.100:0.000;@E,S06:D05:F40pix,S06:D05:F40pix,-3.646260:45.341702,-54.692670:45.341702,BE1200_LIP:1200eV:-168.302pA:O3on:GasOn,LINE_FULL:50000:16:0x0:28.00%+0.00:SSS0:SRSA0,E3640 NFT01,5.03A (5.03.2004),11/28/2023,15:25:41
0,1,-29844.000,-32704.025,-29844.016860,-32704.092471,-70.683594,0,4,4,14,-,14,Hor 50nm,CD Meas,270.0,83,999,-,-,-,1,0,,-29844.000,-32704.000,Y,90.000000,1,SPACE-Y,48.633,48.633,50.000,,2,0,,-29844.000,-32704.025,Y,90.000000,2,PICHR-Y,99.817,99.817,100.000,,C:\DATADIR\result\QC\No 14 SEBP504G-W4F\CD mean 160pA\CD_mean_160pA_V01_4-4\CD_mean_160pA_V01_4-4.000.A00004004S0014.bmp,CD_mean_160pA_V01_4-4.job,@1:RCP:1:1:4:SPACE-Y:1:E/l2.250/S6/D5/P2/$1/N000000/T00/W0:0.000:0.025:0.0500:0.000:999.999:0.020:10040.000:0.000:0.050:0.000;@2:RCP:1:1:4:PICHR-Y:2:E/l2.250/S6/D5/P1/$1/N000000/T00/W0:0.000:0.000:0.1000:0.000:999.999:0.030:10040.000:0.000:0.100:0.000;@E,S06:D05:F40pix,S06:D05:F40pix,-2.839418:45.943382,-53.873322:45.943382,BE1200_LIP:1200eV:-168.302pA:O3on:GasOn,LINE_FULL:50000:16:0x0:28.00%+0.00:SSS0:SRSA0,E3640 NFT01,5.03A (5.03.2004),11/28/2023,15:25:43
0,1,-29841.000,-32704.025,-29841.016860,-32704.092471,-70.683594,0,4,4,15,-,15,Hor 50nm,CD Meas,270.0,83,999,-,-,-,1,0,,-29841.000,-32704.000,Y,90.000000,1,SPACE-Y,48.927,48.927,50.000,,2,0,,-29841.000,-32704.025,Y,90.000000,2,PICHR-Y,100.157,100.157,100.000,,C:\DATADIR\result\QC\No 14 SEBP504G-W4F\CD mean 160pA\CD_mean_160pA_V01_4-4\CD_mean_160pA_V01_4-4.000.A00004004S0015.bmp,CD_mean_160pA_V01_4-4.job,@1:RCP:1:1:4:SPACE-Y:1:E/l2.250/S6/D5/P2/$1/N000000/T00/W0:0.000:0.025:0.0500:0.000:999.999:0.020:10040.000:0.000:0.050:0.000;@2:RCP:1:1:4:PICHR-Y:2:E/l2.250/S6/D5/P1/$1/N000000/T00/W0:0.000:0.000:0.1000:0.000:999.999:0.030:10040.000:0.000:0.100:0.000;@E,S06:D05:F40pix,S06:D05:F40pix,-2.801466:46.275151,-53.881754:46.275151,BE1200_LIP:1200eV:-168.302pA:O3on:GasOn,LINE_FULL:50000:16:0x0:28.00%+0.00:SSS0:SRSA0,E3640 NFT01,5.03A (5.03.2004),11/28/2023,15:25:46
0,1,-29838.000,-32704.025,-29838.016860,-32704.092471,-70.683594,0,4,4,16,-,16,Hor 50nm,CD Meas,270.0,83,999,-,-,-,1,0,,-29838.000,-32704.000,Y,90.000000,1,SPACE-Y,49.258,49.258,50.000,,2,0,,-29838.000,-32704.025,Y,90.000000,2,PICHR-Y,100.317,100.317,100.000,,C:\DATADIR\result\QC\No 14 SEBP504G-W4F\CD mean 160pA\CD_mean_160pA_V01_4-4\CD_mean_160pA_V01_4-4.000.A00004004S0016.bmp,CD_mean_160pA_V01_4-4.job,@1:RCP:1:1:4:SPACE-Y:1:E/l2.250/S6/D5/P2/$1/N000000/T00/W0:0.000:0.025:0.0500:0.000:999.999:0.020:10040.000:0.000:0.050:0.000;@2:RCP:1:1:4:PICHR-Y:2:E/l2.250/S6/D5/P1/$1/N000000/T00/W0:0.000:0.000:0.1000:0.000:999.999:0.030:10040.000:0.000:0.100:0.000;@E,S06:D05:F40pix,S06:D05:F40pix,-3.231595:46.176745,-54.140349:46.176745,BE1200_LIP:1200eV:-168.302pA:O3on:GasOn,LINE_FULL:50000:16:0x0:28.00%+0.00:SSS0:SRSA0,E3640 NFT01,5.03A (5.03.2004),11/28/2023,15:25:49
0,1,-29109.000,-32707.100,-29109.028100,-32707.167471,-70.615234,0,4,4,17,-,17,Hor 200nm,CD Meas,270.0,81,87,-,-,-,1,0,,-29109.000,-32707.000,Y,90.000000,1,SPACE-Y,202.954,202.954,200.000,,2,0,,-29109.000,-32707.100,Y,90.000000,2,PICHR-Y,400.069,400.069,400.000,,C:\DATADIR\result\QC\No 14 SEBP504G-W4F\CD mean 160pA\CD_mean_160pA_V01_4-4\CD_mean_160pA_V01_4-4.000.A00004004S0017.bmp,CD_mean_160pA_V01_4-4.job,@1:RCP:1:1:4:SPACE-Y:1:E/l2.250/S6/D5/P2/$1/N000000/T00/W0:0.000:0.100:0.2000:0.000:999.999:0.070:10040.000:0.000:0.200:0.000;@2:RCP:1:1:4:PICHR-Y:2:E/l2.250/S6/D5/P1/$1/N000000/T00/W0:0.000:0.000:0.4000:0.000:999.999:0.070:10040.000:0.000:0.400:0.000;@E,S06:D05:F40pix,S06:D05:F40pix,-4.246471:198.857077,-201.211495:198.857077,BE1200_LIP:1200eV:-168.302pA:O3on:GasOn,LINE_FULL:50000:16:0x0:28.00%+0.00:SSS0:SRSA0,E3640 NFT01,5.03A (5.03.2004),11/28/2023,15:25:56
0,1,-29106.000,-32707.100,-29106.028100,-32707.167471,-70.615234,0,4,4,18,-,18,Hor 200nm,CD Meas,270.0,81,999,-,-,-,1,0,,-29106.000,-32707.000,Y,90.000000,1,SPACE-Y,203.080,203.080,200.000,,2,0,,-29106.000,-32707.100,Y,90.000000,2,PICHR-Y,400.226,400.226,400.000,,C:\DATADIR\result\QC\No 14 SEBP504G-W4F\CD mean 160pA\CD_mean_160pA_V01_4-4\CD_mean_160pA_V01_4-4.000.A00004004S0018.bmp,CD_mean_160pA_V01_4-4.job,@1:RCP:1:1:4:SPACE-Y:1:E/l2.250/S6/D5/P2/$1/N000000/T00/W0:0.000:0.100:0.2000:0.000:999.999:0.070:10040.000:0.000:0.200:0.000;@2:RCP:1:1:4:PICHR-Y:2:E/l2.250/S6/D5/P1/$1/N000000/T00/W0:0.000:0.000:0.4000:0.000:999.999:0.070:10040.000:0.000:0.400:0.000;@E,S06:D05:F40pix,S06:D05:F40pix,-7.448521:195.781607,-204.444674:195.781607,BE1200_LIP:1200eV:-168.302pA:O3on:GasOn,LINE_FULL:50000:16:0x0:28.00%+0.00:SSS0:SRSA0,E3640 NFT01,5.03A (5.03.2004),11/28/2023,15:25:58
0,1,-29103.000,-32707.100,-29103.028100,-32707.167471,-70.615234,0,4,4,19,-,19,Hor 200nm,CD Meas,270.0,81,999,-,-,-,1,0,,-29103.000,-32707.000,Y,90.000000,1,SPACE-Y,202.585,202.585,200.000,,2,0,,-29103.000,-32707.100,Y,90.000000,2,PICHR-Y,399.929,399.929,400.000,,C:\DATADIR\result\QC\No 14 SEBP504G-W4F\CD mean 160pA\CD_mean_160pA_V01_4-4\CD_mean_160pA_V01_4-4.000.A00004004S0019.bmp,CD_mean_160pA_V01_4-4.job,@1:RCP:1:1:4:SPACE-Y:1:E/l2.250/S6/D5/P2/$1/N000000/T00/W0:0.000:0.100:0.2000:0.000:999.999:0.070:10040.000:0.000:0.200:0.000;@2:RCP:1:1:4:PICHR-Y:2:E/l2.250/S6/D5/P1/$1/N000000/T00/W0:0.000:0.000:0.4000:0.000:999.999:0.070:10040.000:0.000:0.400:0.000;@E,S06:D05:F40pix,S06:D05:F40pix,-7.618602:195.116454,-204.812653:195.116454,BE1200_LIP:1200eV:-168.302pA:O3on:GasOn,LINE_FULL:50000:16:0x0:28.00%+0.00:SSS0:SRSA0,E3640 NFT01,5.03A (5.03.2004),11/28/2023,15:26:01
0,1,-29100.000,-32707.100,-29100.028100,-32707.167471,-70.615234,0,4,4,20,-,20,Hor 200nm,CD Meas,270.0,81,999,-,-,-,1,0,,-29100.000,-32707.000,Y,90.000000,1,SPACE-Y,202.735,202.735,200.000,,2,0,,-29100.000,-32707.100,Y,90.000000,2,PICHR-Y,399.855,399.855,400.000,,C:\DATADIR\result\QC\No 14 SEBP504G-W4F\CD mean 160pA\CD_mean_160pA_V01_4-4\CD_mean_160pA_V01_4-4.000.A00004004S0020.bmp,CD_mean_160pA_V01_4-4.job,@1:RCP:1:1:4:SPACE-Y:1:E/l2.250/S6/D5/P2/$1/N000000/T00/W0:0.000:0.100:0.2000:0.000:999.999:0.070:10040.000:0.000:0.200:0.000;@2:RCP:1:1:4:PICHR-Y:2:E/l2.250/S6/D5/P1/$1/N000000/T00/W0:0.000:0.000:0.4000:0.000:999.999:0.070:10040.000:0.000:0.400:0.000;@E,S06:D05:F40pix,S06:D05:F40pix,-8.463389:194.421770,-205.433441:194.421770,BE1200_LIP:1200eV:-168.302pA:O3on:GasOn,LINE_FULL:50000:16:0x0:28.00%+0.00:SSS0:SRSA0,E3640 NFT01,5.03A (5.03.2004),11/28/2023,15:26:04
0,1,-29097.000,-32707.100,-29097.028100,-32707.167471,-70.615234,0,4,4,21,-,21,Hor 200nm,CD Meas,270.0,81,999,-,-,-,1,0,,-29097.000,-32707.000,Y,90.000000,1,SPACE-Y,202.833,202.833,200.000,,2,0,,-29097.000,-32707.100,Y,90.000000,2,PICHR-Y,399.869,399.869,400.000,,C:\DATADIR\result\QC\No 14 SEBP504G-W4F\CD mean 160pA\CD_mean_160pA_V01_4-4\CD_mean_160pA_V01_4-4.000.A00004004S0021.bmp,CD_mean_160pA_V01_4-4.job,@1:RCP:1:1:4:SPACE-Y:1:E/l2.250/S6/D5/P2/$1/N000000/T00/W0:0.000:0.100:0.2000:0.000:999.999:0.070:10040.000:0.000:0.200:0.000;@2:RCP:1:1:4:PICHR-Y:2:E/l2.250/S6/D5/P1/$1/N000000/T00/W0:0.000:0.000:0.4000:0.000:999.999:0.070:10040.000:0.000:0.400:0.000;@E,S06:D05:F40pix,S06:D05:F40pix,-9.752352:193.230685,-206.638491:193.230685,BE1200_LIP:1200eV:-168.302pA:O3on:GasOn,LINE_FULL:50000:16:0x0:28.00%+0.00:SSS0:SRSA0,E3640 NFT01,5.03A (5.03.2004),11/28/2023,15:26:07
0,1,-29094.000,-32707.100,-29094.028100,-32707.167471,-70.615234,0,4,4,22,-,22,Hor 200nm,CD Meas,270.0,81,999,-,-,-,1,0,,-29094.000,-32707.000,Y,90.000000,1,SPACE-Y,202.884,202.884,200.000,,2,0,,-29094.000,-32707.100,Y,90.000000,2,PICHR-Y,400.117,400.117,400.000,,C:\DATADIR\result\QC\No 14 SEBP504G-W4F\CD mean 160pA\CD_mean_160pA_V01_4-4\CD_mean_160pA_V01_4-4.000.A00004004S0022.bmp,CD_mean_160pA_V01_4-4.job,@1:RCP:1:1:4:SPACE-Y:1:E/l2.250/S6/D5/P2/$1/N000000/T00/W0:0.000:0.100:0.2000:0.000:999.999:0.070:10040.000:0.000:0.200:0.000;@2:RCP:1:1:4:PICHR-Y:2:E/l2.250/S6/D5/P1/$1/N000000/T00/W0:0.000:0.000:0.4000:0.000:999.999:0.070:10040.000:0.000:0.400:0.000;@E,S06:D05:F40pix,S06:D05:F40pix,-9.486688:193.547088,-206.569671:193.547088,BE1200_LIP:1200eV:-168.302pA:O3on:GasOn,LINE_FULL:50000:16:0x0:28.00%+0.00:SSS0:SRSA0,E3640 NFT01,5.03A (5.03.2004),11/28/2023,15:26:09
0,1,-29091.000,-32707.100,-29091.028100,-32707.167471,-70.615234,0,4,4,23,-,23,Hor 200nm,CD Meas,270.0,81,999,-,-,-,1,0,,-29091.000,-32707.000,Y,90.000000,1,SPACE-Y,202.813,202.813,200.000,,2,0,,-29091.000,-32707.100,Y,90.000000,2,PICHR-Y,399.611,399.611,400.000,,C:\DATADIR\result\QC\No 14 SEBP504G-W4F\CD mean 160pA\CD_mean_160pA_V01_4-4\CD_mean_160pA_V01_4-4.000.A00004004S0023.bmp,CD_mean_160pA_V01_4-4.job,@1:RCP:1:1:4:SPACE-Y:1:E/l2.250/S6/D5/P2/$1/N000000/T00/W0:0.000:0.100:0.2000:0.000:999.999:0.070:10040.000:0.000:0.200:0.000;@2:RCP:1:1:4:PICHR-Y:2:E/l2.250/S6/D5/P1/$1/N000000/T00/W0:0.000:0.000:0.4000:0.000:999.999:0.070:10040.000:0.000:0.400:0.000;@E,S06:D05:F40pix,S06:D05:F40pix,-10.435487:192.527566,-207.083713:192.527566,BE1200_LIP:1200eV:-168.302pA:O3on:GasOn,LINE_FULL:50000:16:0x0:28.00%+0.00:SSS0:SRSA0,E3640 NFT01,5.03A (5.03.2004),11/28/2023,15:26:12
0,1,-29088.000,-32707.100,-29088.028100,-32707.167471,-70.615234,0,4,4,24,-,24,Hor 200nm,CD Meas,270.0,81,999,-,-,-,1,0,,-29088.000,-32707.000,Y,90.000000,1,SPACE-Y,202.934,202.934,200.000,,2,0,,-29088.000,-32707.100,Y,90.000000,2,PICHR-Y,399.867,399.867,400.000,,C:\DATADIR\result\QC\No 14 SEBP504G-W4F\CD mean 160pA\CD_mean_160pA_V01_4-4\CD_mean_160pA_V01_4-4.000.A00004004S0024.bmp,CD_mean_160pA_V01_4-4.job,@1:RCP:1:1:4:SPACE-Y:1:E/l2.250/S6/D5/P2/$1/N000000/T00/W0:0.000:0.100:0.2000:0.000:999.999:0.070:10040.000:0.000:0.200:0.000;@2:RCP:1:1:4:PICHR-Y:2:E/l2.250/S6/D5/P1/$1/N000000/T00/W0:0.000:0.000:0.4000:0.000:999.999:0.070:10040.000:0.000:0.400:0.000;@E,S06:D05:F40pix,S06:D05:F40pix,-10.474845:192.609128,-207.257869:192.609128,BE1200_LIP:1200eV:-168.302pA:O3on:GasOn,LINE_FULL:50000:16:0x0:28.00%+0.00:SSS0:SRSA0,E3640 NFT01,5.03A (5.03.2004),11/28/2023,15:26:15
0,1,-29109.000,-32703.900,-29109.028100,-32703.967471,-70.615234,0,4,4,25,-,25,Hor 200nm,CD Meas,270.0,81,999,-,-,-,1,0,,-29109.000,-32703.800,Y,90.000000,1,SPACE-Y,203.202,203.202,200.000,,2,0,,-29109.000,-32703.900,Y,90.000000,2,PICHR-Y,400.367,400.367,400.000,,C:\DATADIR\result\QC\No 14 SEBP504G-W4F\CD mean 160pA\CD_mean_160pA_V01_4-4\CD_mean_160pA_V01_4-4.000.A00004004S0025.bmp,CD_mean_160pA_V01_4-4.job,@1:RCP:1:1:4:SPACE-Y:1:E/l2.250/S6/D5/P2/$1/N000000/T00/W0:0.000:0.100:0.2000:0.000:999.999:0.070:10040.000:0.000:0.200:0.000;@2:RCP:1:1:4:PICHR-Y:2:E/l2.250/S6/D5/P1/$1/N000000/T00/W0:0.000:0.000:0.4000:0.000:999.999:0.070:10040.000:0.000:0.400:0.000;@E,S06:D05:F40pix,S06:D05:F40pix,-10.637898:192.714596,-207.652528:192.714596,BE1200_LIP:1200eV:-168.302pA:O3on:GasOn,LINE_FULL:50000:16:0x0:28.00%+0.00:SSS0:SRSA0,E3640 NFT01,5.03A (5.03.2004),11/28/2023,15:26:18
0,1,-29106.000,-32703.900,-29106.028100,-32703.967471,-70.615234,0,4,4,26,-,26,Hor 200nm,CD Meas,270.0,81,999,-,-,-,1,0,,-29106.000,-32703.800,Y,90.000000,1,SPACE-Y,202.924,202.924,200.000,,2,0,,-29106.000,-32703.900,Y,90.000000,2,PICHR-Y,400.231,400.231,400.000,,C:\DATADIR\result\QC\No 14 SEBP504G-W4F\CD mean 160pA\CD_mean_160pA_V01_4-4\CD_mean_160pA_V01_4-4.000.A00004004S0026.bmp,CD_mean_160pA_V01_4-4.job,@1:RCP:1:1:4:SPACE-Y:1:E/l2.250/S6/D5/P2/$1/N000000/T00/W0:0.000:0.100:0.2000:0.000:999.999:0.070:10040.000:0.000:0.200:0.000;@2:RCP:1:1:4:PICHR-Y:2:E/l2.250/S6/D5/P1/$1/N000000/T00/W0:0.000:0.000:0.4000:0.000:999.999:0.070:10040.000:0.000:0.400:0.000;@E,S06:D05:F40pix,S06:D05:F40pix,-10.167013:192.907250,-207.323880:192.907250,BE1200_LIP:1200eV:-168.302pA:O3on:GasOn,LINE_FULL:50000:16:0x0:28.00%+0.00:SSS0:SRSA0,E3640 NFT01,5.03A (5.03.2004),11/28/2023,15:26:21
0,1,-29103.000,-32703.900,-29103.028100,-32703.967471,-70.615234,0,4,4,27,-,27,Hor 200nm,CD Meas,270.0,81,999,-,-,-,1,0,,-29103.000,-32703.800,Y,90.000000,1,SPACE-Y,203.031,203.031,200.000,,2,0,,-29103.000,-32703.900,Y,90.000000,2,PICHR-Y,400.316,400.316,400.000,,C:\DATADIR\result\QC\No 14 SEBP504G-W4F\CD mean 160pA\CD_mean_160pA_V01_4-4\CD_mean_160pA_V01_4-4.000.A00004004S0027.bmp,CD_mean_160pA_V01_4-4.job,@1:RCP:1:1:4:SPACE-Y:1:E/l2.250/S6/D5/P2/$1/N000000/T00/W0:0.000:0.100:0.2000:0.000:999.999:0.070:10040.000:0.000:0.200:0.000;@2:RCP:1:1:4:PICHR-Y:2:E/l2.250/S6/D5/P1/$1/N000000/T00/W0:0.000:0.000:0.4000:0.000:999.999:0.070:10040.000:0.000:0.400:0.000;@E,S06:D05:F40pix,S06:D05:F40pix,-10.188097:192.993031,-207.322474:192.993031,BE1200_LIP:1200eV:-168.302pA:O3on:GasOn,LINE_FULL:50000:16:0x0:28.00%+0.00:SSS0:SRSA0,E3640 NFT01,5.03A (5.03.2004),11/28/2023,15:26:24
0,1,-29100.000,-32703.900,-29100.028100,-32703.967471,-70.615234,0,4,4,28,-,28,Hor 200nm,CD Meas,270.0,81,999,-,-,-,1,0,,-29100.000,-32703.800,Y,90.000000,1,SPACE-Y,202.931,202.931,200.000,,2,0,,-29100.000,-32703.900,Y,90.000000,2,PICHR-Y,399.998,399.998,400.000,,C:\DATADIR\result\QC\No 14 SEBP504G-W4F\CD mean 160pA\CD_mean_160pA_V01_4-4\CD_mean_160pA_V01_4-4.000.A00004004S0028.bmp,CD_mean_160pA_V01_4-4.job,@1:RCP:1:1:4:SPACE-Y:1:E/l2.250/S6/D5/P2/$1/N000000/T00/W0:0.000:0.100:0.2000:0.000:999.999:0.070:10040.000:0.000:0.200:0.000;@2:RCP:1:1:4:PICHR-Y:2:E/l2.250/S6/D5/P1/$1/N000000/T00/W0:0.000:0.000:0.4000:0.000:999.999:0.070:10040.000:0.000:0.400:0.000;@E,S06:D05:F40pix,S06:D05:F40pix,-11.586694:191.493984,-208.503641:191.493984,BE1200_LIP:1200eV:-168.302pA:O3on:GasOn,LINE_FULL:50000:16:0x0:28.00%+0.00:SSS0:SRSA0,E3640 NFT01,5.03A (5.03.2004),11/28/2023,15:26:26
0,1,-29097.000,-32703.900,-29097.028100,-32703.967471,-70.615234,0,4,4,29,-,29,Hor 200nm,CD Meas,270.0,81,999,-,-,-,1,0,,-29097.000,-32703.800,Y,90.000000,1,SPACE-Y,203.094,203.094,200.000,,2,0,,-29097.000,-32703.900,Y,90.000000,2,PICHR-Y,400.291,400.291,400.000,,C:\DATADIR\result\QC\No 14 SEBP504G-W4F\CD mean 160pA\CD_mean_160pA_V01_4-4\CD_mean_160pA_V01_4-4.000.A00004004S0029.bmp,CD_mean_160pA_V01_4-4.job,@1:RCP:1:1:4:SPACE-Y:1:E/l2.250/S6/D5/P2/$1/N000000/T00/W0:0.000:0.100:0.2000:0.000:999.999:0.070:10040.000:0.000:0.200:0.000;@2:RCP:1:1:4:PICHR-Y:2:E/l2.250/S6/D5/P1/$1/N000000/T00/W0:0.000:0.000:0.4000:0.000:999.999:0.070:10040.000:0.000:0.400:0.000;@E,S06:D05:F40pix,S06:D05:F40pix,-11.669626:191.574140,-208.717121:191.574140,BE1200_LIP:1200eV:-168.302pA:O3on:GasOn,LINE_FULL:50000:16:0x0:28.00%+0.00:SSS0:SRSA0,E3640 NFT01,5.03A (5.03.2004),11/28/2023,15:26:29
0,1,-29094.000,-32703.900,-29094.028100,-32703.967471,-70.615234,0,4,4,30,-,30,Hor 200nm,CD Meas,270.0,81,999,-,-,-,1,0,,-29094.000,-32703.800,Y,90.000000,1,SPACE-Y,203.097,203.097,200.000,,2,0,,-29094.000,-32703.900,Y,90.000000,2,PICHR-Y,400.133,400.133,400.000,,C:\DATADIR\result\QC\No 14 SEBP504G-W4F\CD mean 160pA\CD_mean_160pA_V01_4-4\CD_mean_160pA_V01_4-4.000.A00004004S0030.bmp,CD_mean_160pA_V01_4-4.job,@1:RCP:1:1:4:SPACE-Y:1:E/l2.250/S6/D5/P2/$1/N000000/T00/W0:0.000:0.100:0.2000:0.000:999.999:0.070:10040.000:0.000:0.200:0.000;@2:RCP:1:1:4:PICHR-Y:2:E/l2.250/S6/D5/P1/$1/N000000/T00/W0:0.000:0.000:0.4000:0.000:999.999:0.070:10040.000:0.000:0.400:0.000;@E,S06:D05:F40pix,S06:D05:F40pix,-10.982276:192.264601,-207.868817:192.264601,BE1200_LIP:1200eV:-168.302pA:O3on:GasOn,LINE_FULL:50000:16:0x0:28.00%+0.00:SSS0:SRSA0,E3640 NFT01,5.03A (5.03.2004),11/28/2023,15:26:32
0,1,-29091.000,-32703.900,-29091.028100,-32703.967471,-70.615234,0,4,4,31,-,31,Hor 200nm,CD Meas,270.0,81,999,-,-,-,1,0,,-29091.000,-32703.800,Y,90.000000,1,SPACE-Y,202.895,202.895,200.000,,2,0,,-29091.000,-32703.900,Y,90.000000,2,PICHR-Y,400.049,400.049,400.000,,C:\DATADIR\result\QC\No 14 SEBP504G-W4F\CD mean 160pA\CD_mean_160pA_V01_4-4\CD_mean_160pA_V01_4-4.000.A00004004S0031.bmp,CD_mean_160pA_V01_4-4.job,@1:RCP:1:1:4:SPACE-Y:1:E/l2.250/S6/D5/P2/$1/N000000/T00/W0:0.000:0.100:0.2000:0.000:999.999:0.070:10040.000:0.000:0.200:0.000;@2:RCP:1:1:4:PICHR-Y:2:E/l2.250/S6/D5/P1/$1/N000000/T00/W0:0.000:0.000:0.4000:0.000:999.999:0.070:10040.000:0.000:0.400:0.000;@E,S06:D05:F40pix,S06:D05:F40pix,-10.637898:192.406630,-207.642697:192.406630,BE1200_LIP:1200eV:-168.302pA:O3on:GasOn,LINE_FULL:50000:16:0x0:28.00%+0.00:SSS0:SRSA0,E3640 NFT01,5.03A (5.03.2004),11/28/2023,15:26:34
0,1,-29088.000,-32703.900,-29088.028100,-32703.967471,-70.615234,0,4,4,32,-,32,Hor 200nm,CD Meas,270.0,81,999,-,-,-,1,0,,-29088.000,-32703.800,Y,90.000000,1,SPACE-Y,203.093,203.093,200.000,,2,0,,-29088.000,-32703.900,Y,90.000000,2,PICHR-Y,399.990,399.990,400.000,,C:\DATADIR\result\QC\No 14 SEBP504G-W4F\CD mean 160pA\CD_mean_160pA_V01_4-4\CD_mean_160pA_V01_4-4.000.A00004004S0032.bmp,CD_mean_160pA_V01_4-4.job,@1:RCP:1:1:4:SPACE-Y:1:E/l2.250/S6/D5/P2/$1/N000000/T00/W0:0.000:0.100:0.2000:0.000:999.999:0.070:10040.000:0.000:0.200:0.000;@2:RCP:1:1:4:PICHR-Y:2:E/l2.250/S6/D5/P1/$1/N000000/T00/W0:0.000:0.000:0.4000:0.000:999.999:0.070:10040.000:0.000:0.400:0.000;@E,S06:D05:F40pix,S06:D05:F40pix,-11.045530:192.197101,-207.792976:192.197101,BE1200_LIP:1200eV:-168.302pA:O3on:GasOn,LINE_FULL:50000:16:0x0:28.00%+0.00:SSS0:SRSA0,E3640 NFT01,5.03A (5.03.2004),11/28/2023,15:26:37
0,1,-28659.000,-32707.250,-28659.028100,-32707.323094,-70.683594,0,4,4,33,-,33,Hor 500nm,CD Meas,270.0,81,87,-,-,-,1,0,,-28659.000,-32707.000,Y,90.000000,1,SPACE-Y,503.142,503.142,500.000,,2,0,,-28659.000,-32707.250,Y,90.000000,2,PICHR-Y,1000.265,1000.265,1000.000,,C:\DATADIR\result\QC\No 14 SEBP504G-W4F\CD mean 160pA\CD_mean_160pA_V01_4-4\CD_mean_160pA_V01_4-4.000.A00004004S0033.bmp,CD_mean_160pA_V01_4-4.job,@1:RCP:1:1:4:SPACE-Y:1:E/l2.250/S6/D5/P2/$1/N000000/T00/W0:0.000:0.250:0.5000:0.000:999.999:0.070:10040.000:0.000:0.500:0.000;@2:RCP:1:1:4:PICHR-Y:2:E/l2.250/S6/D5/P1/$1/N000000/T00/W0:0.000:0.000:1.0000:0.000:999.999:0.070:10040.000:0.000:1.000:0.000;@E,S06:D05:F40pix,S06:D05:F40pix,-2.655278:500.636521,-499.628428:500.636521,BE1200_LIP:1200eV:-168.302pA:O3on:GasOn,LINE_FULL:50000:16:0x0:28.00%+0.00:SSS0:SRSA0,E3640 NFT01,5.03A (5.03.2004),11/28/2023,15:26:44
0,1,-28656.000,-32707.250,-28656.028100,-32707.323094,-70.683594,0,4,4,34,-,34,Hor 500nm,CD Meas,270.0,81,999,-,-,-,1,0,,-28656.000,-32707.000,Y,90.000000,1,SPACE-Y,503.625,503.625,500.000,,2,0,,-28656.000,-32707.250,Y,90.000000,2,PICHR-Y,1000.111,1000.111,1000.000,,C:\DATADIR\result\QC\No 14 SEBP504G-W4F\CD mean 160pA\CD_mean_160pA_V01_4-4\CD_mean_160pA_V01_4-4.000.A00004004S0034.bmp,CD_mean_160pA_V01_4-4.job,@1:RCP:1:1:4:SPACE-Y:1:E/l2.250/S6/D5/P2/$1/N000000/T00/W0:0.000:0.250:0.5000:0.000:999.999:0.070:10040.000:0.000:0.500:0.000;@2:RCP:1:1:4:PICHR-Y:2:E/l2.250/S6/D5/P1/$1/N000000/T00/W0:0.000:0.000:1.0000:0.000:999.999:0.070:10040.000:0.000:1.000:0.000;@E,S06:D05:F40pix,S06:D05:F40pix,-6.110354:497.664609,-502.446485:497.664609,BE1200_LIP:1200eV:-168.302pA:O3on:GasOn,LINE_FULL:50000:16:0x0:28.00%+0.00:SSS0:SRSA0,E3640 NFT01,5.03A (5.03.2004),11/28/2023,15:26:46
0,1,-28653.000,-32707.250,-28653.028100,-32707.323094,-70.683594,0,4,4,35,-,35,Hor 500nm,CD Meas,270.0,81,999,-,-,-,1,0,,-28653.000,-32707.000,Y,90.000000,1,SPACE-Y,502.945,502.945,500.000,,2,0,,-28653.000,-32707.250,Y,90.000000,2,PICHR-Y,999.852,999.852,1000.000,,C:\DATADIR\result\QC\No 14 SEBP504G-W4F\CD mean 160pA\CD_mean_160pA_V01_4-4\CD_mean_160pA_V01_4-4.000.A00004004S0035.bmp,CD_mean_160pA_V01_4-4.job,@1:RCP:1:1:4:SPACE-Y:1:E/l2.250/S6/D5/P2/$1/N000000/T00/W0:0.000:0.250:0.5000:0.000:999.999:0.070:10040.000:0.000:0.500:0.000;@2:RCP:1:1:4:PICHR-Y:2:E/l2.250/S6/D5/P1/$1/N000000/T00/W0:0.000:0.000:1.0000:0.000:999.999:0.070:10040.000:0.000:1.000:0.000;@E,S06:D05:F40pix,S06:D05:F40pix,-5.446891:497.647724,-502.203817:497.647724,BE1200_LIP:1200eV:-168.302pA:O3on:GasOn,LINE_FULL:50000:16:0x0:28.00%+0.00:SSS0:SRSA0,E3640 NFT01,5.03A (5.03.2004),11/28/2023,15:26:49
0,1,-28650.000,-32707.250,-28650.028100,-32707.323094,-70.683594,0,4,4,36,-,36,Hor 500nm,CD Meas,270.0,81,999,-,-,-,1,0,,-28650.000,-32707.000,Y,90.000000,1,SPACE-Y,503.217,503.217,500.000,,2,0,,-28650.000,-32707.250,Y,90.000000,2,PICHR-Y,999.872,999.872,1000.000,,C:\DATADIR\result\QC\No 14 SEBP504G-W4F\CD mean 160pA\CD_mean_160pA_V01_4-4\CD_mean_160pA_V01_4-4.000.A00004004S0036.bmp,CD_mean_160pA_V01_4-4.job,@1:RCP:1:1:4:SPACE-Y:1:E/l2.250/S6/D5/P2/$1/N000000/T00/W0:0.000:0.250:0.5000:0.000:999.999:0.070:10040.000:0.000:0.500:0.000;@2:RCP:1:1:4:PICHR-Y:2:E/l2.250/S6/D5/P1/$1/N000000/T00/W0:0.000:0.000:1.0000:0.000:999.999:0.070:10040.000:0.000:1.000:0.000;@E,S06:D05:F40pix,S06:D05:F40pix,-6.332445:497.034207,-502.837841:497.034207,BE1200_LIP:1200eV:-168.302pA:O3on:GasOn,LINE_FULL:50000:16:0x0:28.00%+0.00:SSS0:SRSA0,E3640 NFT01,5.03A (5.03.2004),11/28/2023,15:26:52
0,1,-28647.000,-32707.250,-28647.028100,-32707.323094,-70.683594,0,4,4,37,-,37,Hor 500nm,CD Meas,270.0,81,999,-,-,-,1,0,,-28647.000,-32707.000,Y,90.000000,1,SPACE-Y,503.250,503.250,500.000,,2,0,,-28647.000,-32707.250,Y,90.000000,2,PICHR-Y,999.981,999.981,1000.000,,C:\DATADIR\result\QC\No 14 SEBP504G-W4F\CD mean 160pA\CD_mean_160pA_V01_4-4\CD_mean_160pA_V01_4-4.000.A00004004S0037.bmp,CD_mean_160pA_V01_4-4.job,@1:RCP:1:1:4:SPACE-Y:1:E/l2.250/S6/D5/P2/$1/N000000/T00/W0:0.000:0.250:0.5000:0.000:999.999:0.070:10040.000:0.000:0.500:0.000;@2:RCP:1:1:4:PICHR-Y:2:E/l2.250/S6/D5/P1/$1/N000000/T00/W0:0.000:0.000:1.0000:0.000:999.999:0.070:10040.000:0.000:1.000:0.000;@E,S06:D05:F40pix,S06:D05:F40pix,-6.435056:496.965257,-503.015984:496.965257,BE1200_LIP:1200eV:-168.302pA:O3on:GasOn,LINE_FULL:50000:16:0x0:28.00%+0.00:SSS0:SRSA0,E3640 NFT01,5.03A (5.03.2004),11/28/2023,15:26:55
0,1,-28644.000,-32707.250,-28644.028100,-32707.323094,-70.683594,0,4,4,38,-,38,Hor 500nm,CD Meas,270.0,81,999,-,-,-,1,0,,-28644.000,-32707.000,Y,90.000000,1,SPACE-Y,503.147,503.147,500.000,,2,0,,-28644.000,-32707.250,Y,90.000000,2,PICHR-Y,1000.022,1000.022,1000.000,,C:\DATADIR\result\QC\No 14 SEBP504G-W4F\CD mean 160pA\CD_mean_160pA_V01_4-4\CD_mean_160pA_V01_4-4.000.A00004004S0038.bmp,CD_mean_160pA_V01_4-4.job,@1:RCP:1:1:4:SPACE-Y:1:E/l2.250/S6/D5/P2/$1/N000000/T00/W0:0.000:0.250:0.5000:0.000:999.999:0.070:10040.000:0.000:0.500:0.000;@2:RCP:1:1:4:PICHR-Y:2:E/l2.250/S6/D5/P1/$1/N000000/T00/W0:0.000:0.000:1.0000:0.000:999.999:0.070:10040.000:0.000:1.000:0.000;@E,S06:D05:F40pix,S06:D05:F40pix,-5.851716:497.445094,-502.576937:497.445094,BE1200_LIP:1200eV:-168.302pA:O3on:GasOn,LINE_FULL:50000:16:0x0:28.00%+0.00:SSS0:SRSA0,E3640 NFT01,5.03A (5.03.2004),11/28/2023,15:26:57
0,1,-28641.000,-32707.250,-28641.028100,-32707.323094,-70.683594,0,4,4,39,-,39,Hor 500nm,CD Meas,270.0,81,999,-,-,-,1,0,,-28641.000,-32707.000,Y,90.000000,1,SPACE-Y,502.852,502.852,500.000,,2,0,,-28641.000,-32707.250,Y,90.000000,2,PICHR-Y,999.677,999.677,1000.000,,C:\DATADIR\result\QC\No 14 SEBP504G-W4F\CD mean 160pA\CD_mean_160pA_V01_4-4\CD_mean_160pA_V01_4-4.000.A00004004S0039.bmp,CD_mean_160pA_V01_4-4.job,@1:RCP:1:1:4:SPACE-Y:1:E/l2.250/S6/D5/P2/$1/N000000/T00/W0:0.000:0.250:0.5000:0.000:999.999:0.070:10040.000:0.000:0.500:0.000;@2:RCP:1:1:4:PICHR-Y:2:E/l2.250/S6/D5/P1/$1/N000000/T00/W0:0.000:0.000:1.0000:0.000:999.999:0.070:10040.000:0.000:1.000:0.000;@E,S06:D05:F40pix,S06:D05:F40pix,-6.101919:496.900527,-502.776121:496.900527,BE1200_LIP:1200eV:-168.302pA:O3on:GasOn,LINE_FULL:50000:16:0x0:28.00%+0.00:SSS0:SRSA0,E3640 NFT01,5.03A (5.03.2004),11/28/2023,15:27:00
0,1,-28638.000,-32707.250,-28638.028100,-32707.323094,-70.683594,0,4,4,40,-,40,Hor 500nm,CD Meas,270.0,81,999,-,-,-,1,0,,-28638.000,-32707.000,Y,90.000000,1,SPACE-Y,503.398,503.398,500.000,,2,0,,-28638.000,-32707.250,Y,90.000000,2,PICHR-Y,999.924,999.924,1000.000,,C:\DATADIR\result\QC\No 14 SEBP504G-W4F\CD mean 160pA\CD_mean_160pA_V01_4-4\CD_mean_160pA_V01_4-4.000.A00004004S0040.bmp,CD_mean_160pA_V01_4-4.job,@1:RCP:1:1:4:SPACE-Y:1:E/l2.250/S6/D5/P2/$1/N000000/T00/W0:0.000:0.250:0.5000:0.000:999.999:0.070:10040.000:0.000:0.500:0.000;@2:RCP:1:1:4:PICHR-Y:2:E/l2.250/S6/D5/P1/$1/N000000/T00/W0:0.000:0.000:1.0000:0.000:999.999:0.070:10040.000:0.000:1.000:0.000;@E,S06:D05:F40pix,S06:D05:F40pix,-5.130622:498.417435,-501.506669:498.417435,BE1200_LIP:1200eV:-168.302pA:O3on:GasOn,LINE_FULL:50000:16:0x0:28.00%+0.00:SSS0:SRSA0,E3640 NFT01,5.03A (5.03.2004),11/28/2023,15:27:03
0,1,-28659.000,-32704.250,-28659.028100,-32704.323094,-70.683594,0,4,4,41,-,41,Hor 500nm,CD Meas,270.0,81,999,-,-,-,1,0,,-28659.000,-32704.000,Y,90.000000,1,SPACE-Y,503.130,503.130,500.000,,2,0,,-28659.000,-32704.250,Y,90.000000,2,PICHR-Y,999.960,999.960,1000.000,,C:\DATADIR\result\QC\No 14 SEBP504G-W4F\CD mean 160pA\CD_mean_160pA_V01_4-4\CD_mean_160pA_V01_4-4.000.A00004004S0041.bmp,CD_mean_160pA_V01_4-4.job,@1:RCP:1:1:4:SPACE-Y:1:E/l2.250/S6/D5/P2/$1/N000000/T00/W0:0.000:0.250:0.5000:0.000:999.999:0.070:10040.000:0.000:0.500:0.000;@2:RCP:1:1:4:PICHR-Y:2:E/l2.250/S6/D5/P1/$1/N000000/T00/W0:0.000:0.000:1.0000:0.000:999.999:0.070:10040.000:0.000:1.000:0.000;@E,S06:D05:F40pix,S06:D05:F40pix,-6.241078:497.038428,-502.922003:497.038428,BE1200_LIP:1200eV:-168.302pA:O3on:GasOn,LINE_FULL:50000:16:0x0:28.00%+0.00:SSS0:SRSA0,E3640 NFT01,5.03A (5.03.2004),11/28/2023,15:27:06
0,1,-28656.000,-32704.250,-28656.028100,-32704.323094,-70.683594,0,4,4,42,-,42,Hor 500nm,CD Meas,270.0,81,999,-,-,-,1,0,,-28656.000,-32704.000,Y,90.000000,1,SPACE-Y,503.050,503.050,500.000,,2,0,,-28656.000,-32704.250,Y,90.000000,2,PICHR-Y,999.752,999.752,1000.000,,C:\DATADIR\result\QC\No 14 SEBP504G-W4F\CD mean 160pA\CD_mean_160pA_V01_4-4\CD_mean_160pA_V01_4-4.000.A00004004S0042.bmp,CD_mean_160pA_V01_4-4.job,@1:RCP:1:1:4:SPACE-Y:1:E/l2.250/S6/D5/P2/$1/N000000/T00/W0:0.000:0.250:0.5000:0.000:999.999:0.070:10040.000:0.000:0.500:0.000;@2:RCP:1:1:4:PICHR-Y:2:E/l2.250/S6/D5/P1/$1/N000000/T00/W0:0.000:0.000:1.0000:0.000:999.999:0.070:10040.000:0.000:1.000:0.000;@E,S06:D05:F40pix,S06:D05:F40pix,-6.038666:497.160850,-502.590965:497.160850,BE1200_LIP:1200eV:-168.302pA:O3on:GasOn,LINE_FULL:50000:16:0x0:28.00%+0.00:SSS0:SRSA0,E3640 NFT01,5.03A (5.03.2004),11/28/2023,15:27:09
0,1,-28653.000,-32704.250,-28653.028100,-32704.323094,-70.683594,0,4,4,43,-,43,Hor 500nm,CD Meas,270.0,81,999,-,-,-,1,0,,-28653.000,-32704.000,Y,90.000000,1,SPACE-Y,502.944,502.944,500.000,,2,0,,-28653.000,-32704.250,Y,90.000000,2,PICHR-Y,999.801,999.801,1000.000,,C:\DATADIR\result\QC\No 14 SEBP504G-W4F\CD mean 160pA\CD_mean_160pA_V01_4-4\CD_mean_160pA_V01_4-4.000.A00004004S0043.bmp,CD_mean_160pA_V01_4-4.job,@1:RCP:1:1:4:SPACE-Y:1:E/l2.250/S6/D5/P2/$1/N000000/T00/W0:0.000:0.250:0.5000:0.000:999.999:0.070:10040.000:0.000:0.500:0.000;@2:RCP:1:1:4:PICHR-Y:2:E/l2.250/S6/D5/P1/$1/N000000/T00/W0:0.000:0.000:1.0000:0.000:999.999:0.070:10040.000:0.000:1.000:0.000;@E,S06:D05:F40pix,S06:D05:F40pix,-6.331039:496.762627,-503.038427:496.762627,BE1200_LIP:1200eV:-168.302pA:O3on:GasOn,LINE_FULL:50000:16:0x0:28.00%+0.00:SSS0:SRSA0,E3640 NFT01,5.03A (5.03.2004),11/28/2023,15:27:12
0,1,-28650.000,-32704.250,-28650.028100,-32704.323094,-70.683594,0,4,4,44,-,44,Hor 500nm,CD Meas,270.0,81,999,-,-,-,1,0,,-28650.000,-32704.000,Y,90.000000,1,SPACE-Y,502.935,502.935,500.000,,2,0,,-28650.000,-32704.250,Y,90.000000,2,PICHR-Y,1000.100,1000.100,1000.000,,C:\DATADIR\result\QC\No 14 SEBP504G-W4F\CD mean 160pA\CD_mean_160pA_V01_4-4\CD_mean_160pA_V01_4-4.000.A00004004S0044.bmp,CD_mean_160pA_V01_4-4.job,@1:RCP:1:1:4:SPACE-Y:1:E/l2.250/S6/D5/P2/$1/N000000/T00/W0:0.000:0.250:0.5000:0.000:999.999:0.070:10040.000:0.000:0.500:0.000;@2:RCP:1:1:4:PICHR-Y:2:E/l2.250/S6/D5/P1/$1/N000000/T00/W0:0.000:0.000:1.0000:0.000:999.999:0.070:10040.000:0.000:1.000:0.000;@E,S06:D05:F40pix,S06:D05:F40pix,-6.702128:496.382697,-503.717335:496.382697,BE1200_LIP:1200eV:-168.302pA:O3on:GasOn,LINE_FULL:50000:16:0x0:28.00%+0.00:SSS0:SRSA0,E3640 NFT01,5.03A (5.03.2004),11/28/2023,15:27:14
0,1,-28647.000,-32704.250,-28647.028100,-32704.323094,-70.683594,0,4,4,45,-,45,Hor 500nm,CD Meas,270.0,81,999,-,-,-,1,0,,-28647.000,-32704.000,Y,90.000000,1,SPACE-Y,502.605,502.605,500.000,,2,0,,-28647.000,-32704.250,Y,90.000000,2,PICHR-Y,999.640,999.640,1000.000,,C:\DATADIR\result\QC\No 14 SEBP504G-W4F\CD mean 160pA\CD_mean_160pA_V01_4-4\CD_mean_160pA_V01_4-4.000.A00004004S0045.bmp,CD_mean_160pA_V01_4-4.job,@1:RCP:1:1:4:SPACE-Y:1:E/l2.250/S6/D5/P2/$1/N000000/T00/W0:0.000:0.250:0.5000:0.000:999.999:0.070:10040.000:0.000:0.500:0.000;@2:RCP:1:1:4:PICHR-Y:2:E/l2.250/S6/D5/P1/$1/N000000/T00/W0:0.000:0.000:1.0000:0.000:999.999:0.070:10040.000:0.000:1.000:0.000;@E,S06:D05:F40pix,S06:D05:F40pix,-6.825824:495.929596,-503.710322:495.929596,BE1200_LIP:1200eV:-168.302pA:O3on:GasOn,LINE_FULL:50000:16:0x0:28.00%+0.00:SSS0:SRSA0,E3640 NFT01,5.03A (5.03.2004),11/28/2023,15:27:17
0,1,-28644.000,-32704.250,-28644.028100,-32704.323094,-70.683594,0,4,4,46,-,46,Hor 500nm,CD Meas,270.0,81,999,-,-,-,1,0,,-28644.000,-32704.000,Y,90.000000,1,SPACE-Y,503.443,503.443,500.000,,2,0,,-28644.000,-32704.250,Y,90.000000,2,PICHR-Y,1000.065,1000.065,1000.000,,C:\DATADIR\result\QC\No 14 SEBP504G-W4F\CD mean 160pA\CD_mean_160pA_V01_4-4\CD_mean_160pA_V01_4-4.000.A00004004S0046.bmp,CD_mean_160pA_V01_4-4.job,@1:RCP:1:1:4:SPACE-Y:1:E/l2.250/S6/D5/P2/$1/N000000/T00/W0:0.000:0.250:0.5000:0.000:999.999:0.070:10040.000:0.000:0.500:0.000;@2:RCP:1:1:4:PICHR-Y:2:E/l2.250/S6/D5/P1/$1/N000000/T00/W0:0.000:0.000:1.0000:0.000:999.999:0.070:10040.000:0.000:1.000:0.000;@E,S06:D05:F40pix,S06:D05:F40pix,-6.768193:496.824542,-503.240417:496.824542,BE1200_LIP:1200eV:-168.302pA:O3on:GasOn,LINE_FULL:50000:16:0x0:28.00%+0.00:SSS0:SRSA0,E3640 NFT01,5.03A (5.03.2004),11/28/2023,15:27:20
0,1,-28641.000,-32704.250,-28641.028100,-32704.323094,-70.683594,0,4,4,47,-,47,Hor 500nm,CD Meas,270.0,81,999,-,-,-,1,0,,-28641.000,-32704.000,Y,90.000000,1,SPACE-Y,503.060,503.060,500.000,,2,0,,-28641.000,-32704.250,Y,90.000000,2,PICHR-Y,999.830,999.830,1000.000,,C:\DATADIR\result\QC\No 14 SEBP504G-W4F\CD mean 160pA\CD_mean_160pA_V01_4-4\CD_mean_160pA_V01_4-4.000.A00004004S0047.bmp,CD_mean_160pA_V01_4-4.job,@1:RCP:1:1:4:SPACE-Y:1:E/l2.250/S6/D5/P2/$1/N000000/T00/W0:0.000:0.250:0.5000:0.000:999.999:0.070:10040.000:0.000:0.500:0.000;@2:RCP:1:1:4:PICHR-Y:2:E/l2.250/S6/D5/P1/$1/N000000/T00/W0:0.000:0.000:1.0000:0.000:999.999:0.070:10040.000:0.000:1.000:0.000;@E,S06:D05:F40pix,S06:D05:F40pix,-6.624817:496.585327,-503.244624:496.585327,BE1200_LIP:1200eV:-168.302pA:O3on:GasOn,LINE_FULL:50000:16:0x0:28.00%+0.00:SSS0:SRSA0,E3640 NFT01,5.03A (5.03.2004),11/28/2023,15:27:22
0,1,-28638.000,-32704.250,-28638.028100,-32704.323094,-70.683594,0,4,4,48,-,48,Hor 500nm,CD Meas,270.0,81,999,-,-,-,1,0,,-28638.000,-32704.000,Y,90.000000,1,SPACE-Y,503.085,503.085,500.000,,2,0,,-28638.000,-32704.250,Y,90.000000,2,PICHR-Y,999.510,999.510,1000.000,,C:\DATADIR\result\QC\No 14 SEBP504G-W4F\CD mean 160pA\CD_mean_160pA_V01_4-4\CD_mean_160pA_V01_4-4.000.A00004004S0048.bmp,CD_mean_160pA_V01_4-4.job,@1:RCP:1:1:4:SPACE-Y:1:E/l2.250/S6/D5/P2/$1/N000000/T00/W0:0.000:0.250:0.5000:0.000:999.999:0.070:10040.000:0.000:0.500:0.000;@2:RCP:1:1:4:PICHR-Y:2:E/l2.250/S6/D5/P1/$1/N000000/T00/W0:0.000:0.000:1.0000:0.000:999.999:0.070:10040.000:0.000:1.000:0.000;@E,S06:D05:F40pix,S06:D05:F40pix,-6.620601:496.614876,-502.895352:496.614876,BE1200_LIP:1200eV:-168.302pA:O3on:GasOn,LINE_FULL:50000:16:0x0:28.00%+0.00:SSS0:SRSA0,E3640 NFT01,5.03A (5.03.2004),11/28/2023,15:27:25
0,1,-31849.975,-32716.000,-31850.014376,-32716.028111,-70.478516,0,4,4,49,-,49,Ver 50nm,CD Meas,0.0,84,85,-,-,-,1,0,,-31850.000,-32716.000,X,0.000000,1,SPACE-X,48.610,48.610,50.000,,2,0,,-31849.975,-32716.000,X,0.000000,3,PICHF-X,100.144,100.144,100.000,,C:\DATADIR\result\QC\No 14 SEBP504G-W4F\CD mean 160pA\CD_mean_160pA_V01_4-4\CD_mean_160pA_V01_4-4.000.A00004004S0049.bmp,CD_mean_160pA_V01_4-4.job,@1:RCP:1:1:3:SPACE-X:1:E/l2.250/S6/D5/P2/$1/N000000/T00/W0:-0.025:0.000:0.0500:0.000:999.999:0.020:10040.000:0.000:0.050:0.000;@2:RCP:1:1:3:PICHF-X:3:E/l2.250/S6/D5/P2/$1/N000000/T00/W0:0.000:0.000:0.1000:0.000:999.999:0.020:10040.000:0.000:0.100:0.000;@E,S06:D05:F40pix,S06:D05:F40pix,-46.819710:1.790223,-46.819710:53.324220,BE1200_LIP:1200eV:-168.302pA:O3on:GasOn,LINE_FULL:50000:16:0x0:28.00%+0.00:SSS0:SRSA0,E3640 NFT01,5.03A (5.03.2004),11/28/2023,15:27:34
0,1,-31849.975,-32713.000,-31850.014376,-32713.028111,-70.478516,0,4,4,50,-,50,Ver 50nm,CD Meas,0.0,84,999,-,-,-,1,0,,-31850.000,-32713.000,X,0.000000,1,SPACE-X,48.621,48.621,50.000,,2,0,,-31849.975,-32713.000,X,0.000000,3,PICHF-X,100.059,100.059,100.000,,C:\DATADIR\result\QC\No 14 SEBP504G-W4F\CD mean 160pA\CD_mean_160pA_V01_4-4\CD_mean_160pA_V01_4-4.000.A00004004S0050.bmp,CD_mean_160pA_V01_4-4.job,@1:RCP:1:1:3:SPACE-X:1:E/l2.250/S6/D5/P2/$1/N000000/T00/W0:-0.025:0.000:0.0500:0.000:999.999:0.020:10040.000:0.000:0.050:0.000;@2:RCP:1:1:3:PICHF-X:3:E/l2.250/S6/D5/P2/$1/N000000/T00/W0:0.000:0.000:0.1000:0.000:999.999:0.020:10040.000:0.000:0.100:0.000;@E,S06:D05:F40pix,S06:D05:F40pix,-48.625115:-0.004216,-48.625115:51.433944,BE1200_LIP:1200eV:-168.302pA:O3on:GasOn,LINE_FULL:50000:16:0x0:28.00%+0.00:SSS0:SRSA0,E3640 NFT01,5.03A (5.03.2004),11/28/2023,15:27:37
0,1,-31849.975,-32710.000,-31850.014376,-32710.028111,-70.478516,0,4,4,51,-,51,Ver 50nm,CD Meas,0.0,84,999,-,-,-,1,0,,-31850.000,-32710.000,X,0.000000,1,SPACE-X,48.255,48.255,50.000,,2,0,,-31849.975,-32710.000,X,0.000000,3,PICHF-X,99.965,99.965,100.000,,C:\DATADIR\result\QC\No 14 SEBP504G-W4F\CD mean 160pA\CD_mean_160pA_V01_4-4\CD_mean_160pA_V01_4-4.000.A00004004S0051.bmp,CD_mean_160pA_V01_4-4.job,@1:RCP:1:1:3:SPACE-X:1:E/l2.250/S6/D5/P2/$1/N000000/T00/W0:-0.025:0.000:0.0500:0.000:999.999:0.020:10040.000:0.000:0.050:0.000;@2:RCP:1:1:3:PICHF-X:3:E/l2.250/S6/D5/P2/$1/N000000/T00/W0:0.000:0.000:0.1000:0.000:999.999:0.020:10040.000:0.000:0.100:0.000;@E,S06:D05:F40pix,S06:D05:F40pix,-49.539062:-1.283946,-49.539062:50.425519,BE1200_LIP:1200eV:-168.302pA:O3on:GasOn,LINE_FULL:50000:16:0x0:28.00%+0.00:SSS0:SRSA0,E3640 NFT01,5.03A (5.03.2004),11/28/2023,15:27:39
0,1,-31849.975,-32707.000,-31850.014376,-32707.028111,-70.478516,0,4,4,52,-,52,Ver 50nm,CD Meas,0.0,84,999,-,-,-,1,0,,-31850.000,-32707.000,X,0.000000,1,SPACE-X,48.505,48.505,50.000,,2,0,,-31849.975,-32707.000,X,0.000000,3,PICHF-X,100.002,100.002,100.000,,C:\DATADIR\result\QC\No 14 SEBP504G-W4F\CD mean 160pA\CD_mean_160pA_V01_4-4\CD_mean_160pA_V01_4-4.000.A00004004S0052.bmp,CD_mean_160pA_V01_4-4.job,@1:RCP:1:1:3:SPACE-X:1:E/l2.250/S6/D5/P2/$1/N000000/T00/W0:-0.025:0.000:0.0500:0.000:999.999:0.020:10040.000:0.000:0.050:0.000;@2:RCP:1:1:3:PICHF-X:3:E/l2.250/S6/D5/P2/$1/N000000/T00/W0:0.000:0.000:0.1000:0.000:999.999:0.020:10040.000:0.000:0.100:0.000;@E,S06:D05:F40pix,S06:D05:F40pix,-50.467063:-1.961779,-50.467063:49.535238,BE1200_LIP:1200eV:-168.302pA:O3on:GasOn,LINE_FULL:50000:16:0x0:28.00%+0.00:SSS0:SRSA0,E3640 NFT01,5.03A (5.03.2004),11/28/2023,15:27:42
0,1,-31849.975,-32704.000,-31850.014376,-32704.028111,-70.478516,0,4,4,53,-,53,Ver 50nm,CD Meas,0.0,84,999,-,-,-,1,0,,-31850.000,-32704.000,X,0.000000,1,SPACE-X,48.484,48.484,50.000,,2,0,,-31849.975,-32704.000,X,0.000000,3,PICHF-X,99.963,99.963,100.000,,C:\DATADIR\result\QC\No 14 SEBP504G-W4F\CD mean 160pA\CD_mean_160pA_V01_4-4\CD_mean_160pA_V01_4-4.000.A00004004S0053.bmp,CD_mean_160pA_V01_4-4.job,@1:RCP:1:1:3:SPACE-X:1:E/l2.250/S6/D5/P2/$1/N000000/T00/W0:-0.025:0.000:0.0500:0.000:999.999:0.020:10040.000:0.000:0.050:0.000;@2:RCP:1:1:3:PICHF-X:3:E/l2.250/S6/D5/P2/$1/N000000/T00/W0:0.000:0.000:0.1000:0.000:999.999:0.020:10040.000:0.000:0.100:0.000;@E,S06:D05:F40pix,S06:D05:F40pix,-50.275840:-1.791617,-50.275840:49.687134,BE1200_LIP:1200eV:-168.302pA:O3on:GasOn,LINE_FULL:50000:16:0x0:28.00%+0.00:SSS0:SRSA0,E3640 NFT01,5.03A (5.03.2004),11/28/2023,15:27:45
0,1,-31849.975,-32701.000,-31850.014376,-32701.028111,-70.478516,0,4,4,54,-,54,Ver 50nm,CD Meas,0.0,84,999,-,-,-,1,0,,-31850.000,-32701.000,X,0.000000,1,SPACE-X,48.386,48.386,50.000,,2,0,,-31849.975,-32701.000,X,0.000000,3,PICHF-X,100.160,100.160,100.000,,C:\DATADIR\result\QC\No 14 SEBP504G-W4F\CD mean 160pA\CD_mean_160pA_V01_4-4\CD_mean_160pA_V01_4-4.000.A00004004S0054.bmp,CD_mean_160pA_V01_4-4.job,@1:RCP:1:1:3:SPACE-X:1:E/l2.250/S6/D5/P2/$1/N000000/T00/W0:-0.025:0.000:0.0500:0.000:999.999:0.020:10040.000:0.000:0.050:0.000;@2:RCP:1:1:3:PICHF-X:3:E/l2.250/S6/D5/P2/$1/N000000/T00/W0:0.000:0.000:0.1000:0.000:999.999:0.020:10040.000:0.000:0.100:0.000;@E,S06:D05:F40pix,S06:D05:F40pix,-51.165876:-2.780239,-51.165876:48.993757,BE1200_LIP:1200eV:-168.302pA:O3on:GasOn,LINE_FULL:50000:16:0x0:28.00%+0.00:SSS0:SRSA0,E3640 NFT01,5.03A (5.03.2004),11/28/2023,15:27:47
0,1,-31849.975,-32698.000,-31850.014376,-32698.028111,-70.478516,0,4,4,55,-,55,Ver 50nm,CD Meas,0.0,84,999,-,-,-,1,0,,-31850.000,-32698.000,X,0.000000,1,SPACE-X,48.726,48.726,50.000,,2,0,,-31849.975,-32698.000,X,0.000000,3,PICHF-X,100.273,100.273,100.000,,C:\DATADIR\result\QC\No 14 SEBP504G-W4F\CD mean 160pA\CD_mean_160pA_V01_4-4\CD_mean_160pA_V01_4-4.000.A00004004S0055.bmp,CD_mean_160pA_V01_4-4.job,@1:RCP:1:1:3:SPACE-X:1:E/l2.250/S6/D5/P2/$1/N000000/T00/W0:-0.025:0.000:0.0500:0.000:999.999:0.020:10040.000:0.000:0.050:0.000;@2:RCP:1:1:3:PICHF-X:3:E/l2.250/S6/D5/P2/$1/N000000/T00/W0:0.000:0.000:0.1000:0.000:999.999:0.020:10040.000:0.000:0.100:0.000;@E,S06:D05:F40pix,S06:D05:F40pix,-52.552245:-3.826518,-52.552245:47.720926,BE1200_LIP:1200eV:-168.302pA:O3on:GasOn,LINE_FULL:50000:16:0x0:28.00%+0.00:SSS0:SRSA0,E3640 NFT01,5.03A (5.03.2004),11/28/2023,15:27:50
0,1,-31849.975,-32695.000,-31850.014376,-32695.028111,-70.478516,0,4,4,56,-,56,Ver 50nm,CD Meas,0.0,84,999,-,-,-,1,0,,-31850.000,-32695.000,X,0.000000,1,SPACE-X,48.839,48.839,50.000,,2,0,,-31849.975,-32695.000,X,0.000000,3,PICHF-X,100.205,100.205,100.000,,C:\DATADIR\result\QC\No 14 SEBP504G-W4F\CD mean 160pA\CD_mean_160pA_V01_4-4\CD_mean_160pA_V01_4-4.000.A00004004S0056.bmp,CD_mean_160pA_V01_4-4.job,@1:RCP:1:1:3:SPACE-X:1:E/l2.250/S6/D5/P2/$1/N000000/T00/W0:-0.025:0.000:0.0500:0.000:999.999:0.020:10040.000:0.000:0.050:0.000;@2:RCP:1:1:3:PICHF-X:3:E/l2.250/S6/D5/P2/$1/N000000/T00/W0:0.000:0.000:0.1000:0.000:999.999:0.020:10040.000:0.000:0.100:0.000;@E,S06:D05:F40pix,S06:D05:F40pix,-55.010007:-6.170791,-55.010007:45.194965,BE1200_LIP:1200eV:-168.302pA:O3on:GasOn,LINE_FULL:50000:16:0x0:28.00%+0.00:SSS0:SRSA0,E3640 NFT01,5.03A (5.03.2004),11/28/2023,15:27:54
0,1,-31846.975,-32716.000,-31847.014376,-32716.028111,-70.478516,0,4,4,57,-,57,Ver 50nm,CD Meas,0.0,84,999,-,-,-,1,0,,-31847.000,-32716.000,X,0.000000,1,SPACE-X,48.625,48.625,50.000,,2,0,,-31846.975,-32716.000,X,0.000000,3,PICHF-X,99.939,99.939,100.000,,C:\DATADIR\result\QC\No 14 SEBP504G-W4F\CD mean 160pA\CD_mean_160pA_V01_4-4\CD_mean_160pA_V01_4-4.000.A00004004S0057.bmp,CD_mean_160pA_V01_4-4.job,@1:RCP:1:1:3:SPACE-X:1:E/l2.250/S6/D5/P2/$1/N000000/T00/W0:-0.025:0.000:0.0500:0.000:999.999:0.020:10040.000:0.000:0.050:0.000;@2:RCP:1:1:3:PICHF-X:3:E/l2.250/S6/D5/P2/$1/N000000/T00/W0:0.000:0.000:0.1000:0.000:999.999:0.020:10040.000:0.000:0.100:0.000;@E,S06:D05:F40pix,S06:D05:F40pix,-51.344445:-2.719769,-51.344445:48.594326,BE1200_LIP:1200eV:-168.302pA:O3on:GasOn,LINE_FULL:50000:16:0x0:28.00%+0.00:SSS0:SRSA0,E3640 NFT01,5.03A (5.03.2004),11/28/2023,15:27:57
0,1,-31846.975,-32713.000,-31847.014376,-32713.028111,-70.478516,0,4,4,58,-,58,Ver 50nm,CD Meas,0.0,84,999,-,-,-,1,0,,-31847.000,-32713.000,X,0.000000,1,SPACE-X,48.430,48.430,50.000,,2,0,,-31846.975,-32713.000,X,0.000000,3,PICHF-X,99.974,99.974,100.000,,C:\DATADIR\result\QC\No 14 SEBP504G-W4F\CD mean 160pA\CD_mean_160pA_V01_4-4\CD_mean_160pA_V01_4-4.000.A00004004S0058.bmp,CD_mean_160pA_V01_4-4.job,@1:RCP:1:1:3:SPACE-X:1:E/l2.250/S6/D5/P2/$1/N000000/T00/W0:-0.025:0.000:0.0500:0.000:999.999:0.020:10040.000:0.000:0.050:0.000;@2:RCP:1:1:3:PICHF-X:3:E/l2.250/S6/D5/P2/$1/N000000/T00/W0:0.000:0.000:0.1000:0.000:999.999:0.020:10040.000:0.000:0.100:0.000;@E,S06:D05:F40pix,S06:D05:F40pix,-52.578959:-4.148557,-52.578959:47.394632,BE1200_LIP:1200eV:-168.302pA:O3on:GasOn,LINE_FULL:50000:16:0x0:28.00%+0.00:SSS0:SRSA0,E3640 NFT01,5.03A (5.03.2004),11/28/2023,15:28:00
0,1,-31846.975,-32710.000,-31847.014376,-32710.028111,-70.478516,0,4,4,59,-,59,Ver 50nm,CD Meas,0.0,84,999,-,-,-,1,0,,-31847.000,-32710.000,X,0.000000,1,SPACE-X,48.439,48.439,50.000,,2,0,,-31846.975,-32710.000,X,0.000000,3,PICHF-X,100.443,100.443,100.000,,C:\DATADIR\result\QC\No 14 SEBP504G-W4F\CD mean 160pA\CD_mean_160pA_V01_4-4\CD_mean_160pA_V01_4-4.000.A00004004S0059.bmp,CD_mean_160pA_V01_4-4.job,@1:RCP:1:1:3:SPACE-X:1:E/l2.250/S6/D5/P2/$1/N000000/T00/W0:-0.025:0.000:0.0500:0.000:999.999:0.020:10040.000:0.000:0.050:0.000;@2:RCP:1:1:3:PICHF-X:3:E/l2.250/S6/D5/P2/$1/N000000/T00/W0:0.000:0.000:0.1000:0.000:999.999:0.020:10040.000:0.000:0.100:0.000;@E,S06:D05:F40pix,S06:D05:F40pix,-53.338225:-4.899513,-53.338225:47.104905,BE1200_LIP:1200eV:-168.302pA:O3on:GasOn,LINE_FULL:50000:16:0x0:28.00%+0.00:SSS0:SRSA0,E3640 NFT01,5.03A (5.03.2004),11/28/2023,15:28:03
0,1,-31846.975,-32707.000,-31847.014376,-32707.028111,-70.478516,0,4,4,60,-,60,Ver 50nm,CD Meas,0.0,84,999,-,-,-,1,0,,-31847.000,-32707.000,X,0.000000,1,SPACE-X,48.299,48.299,50.000,,2,0,,-31846.975,-32707.000,X,0.000000,3,PICHF-X,99.837,99.837,100.000,,C:\DATADIR\result\QC\No 14 SEBP504G-W4F\CD mean 160pA\CD_mean_160pA_V01_4-4\CD_mean_160pA_V01_4-4.000.A00004004S0060.bmp,CD_mean_160pA_V01_4-4.job,@1:RCP:1:1:3:SPACE-X:1:E/l2.250/S6/D5/P2/$1/N000000/T00/W0:-0.025:0.000:0.0500:0.000:999.999:0.020:10040.000:0.000:0.050:0.000;@2:RCP:1:1:3:PICHF-X:3:E/l2.250/S6/D5/P2/$1/N000000/T00/W0:0.000:0.000:0.1000:0.000:999.999:0.020:10040.000:0.000:0.100:0.000;@E,S06:D05:F40pix,S06:D05:F40pix,-53.536478:-5.237020,-53.536478:46.300423,BE1200_LIP:1200eV:-168.302pA:O3on:GasOn,LINE_FULL:50000:16:0x0:28.00%+0.00:SSS0:SRSA0,E3640 NFT01,5.03A (5.03.2004),11/28/2023,15:28:06
0,1,-31846.975,-32704.000,-31847.014376,-32704.028111,-70.478516,0,4,4,61,-,61,Ver 50nm,CD Meas,0.0,84,999,-,-,-,1,0,,-31847.000,-32704.000,X,0.000000,1,SPACE-X,48.568,48.568,50.000,,2,0,,-31846.975,-32704.000,X,0.000000,3,PICHF-X,100.319,100.319,100.000,,C:\DATADIR\result\QC\No 14 SEBP504G-W4F\CD mean 160pA\CD_mean_160pA_V01_4-4\CD_mean_160pA_V01_4-4.000.A00004004S0061.bmp,CD_mean_160pA_V01_4-4.job,@1:RCP:1:1:3:SPACE-X:1:E/l2.250/S6/D5/P2/$1/N000000/T00/W0:-0.025:0.000:0.0500:0.000:999.999:0.020:10040.000:0.000:0.050:0.000;@2:RCP:1:1:3:PICHF-X:3:E/l2.250/S6/D5/P2/$1/N000000/T00/W0:0.000:0.000:0.1000:0.000:999.999:0.020:10040.000:0.000:0.100:0.000;@E,S06:D05:F40pix,S06:D05:F40pix,-54.385727:-5.817815,-54.385727:45.933343,BE1200_LIP:1200eV:-168.302pA:O3on:GasOn,LINE_FULL:50000:16:0x0:28.00%+0.00:SSS0:SRSA0,E3640 NFT01,5.03A (5.03.2004),11/28/2023,15:28:08
0,1,-31846.975,-32701.000,-31847.014376,-32701.028111,-70.478516,0,4,4,62,-,62,Ver 50nm,CD Meas,0.0,84,999,-,-,-,1,0,,-31847.000,-32701.000,X,0.000000,1,SPACE-X,48.153,48.153,50.000,,2,0,,-31846.975,-32701.000,X,0.000000,3,PICHF-X,99.745,99.745,100.000,,C:\DATADIR\result\QC\No 14 SEBP504G-W4F\CD mean 160pA\CD_mean_160pA_V01_4-4\CD_mean_160pA_V01_4-4.000.A00004004S0062.bmp,CD_mean_160pA_V01_4-4.job,@1:RCP:1:1:3:SPACE-X:1:E/l2.250/S6/D5/P2/$1/N000000/T00/W0:-0.025:0.000:0.0500:0.000:999.999:0.020:10040.000:0.000:0.050:0.000;@2:RCP:1:1:3:PICHF-X:3:E/l2.250/S6/D5/P2/$1/N000000/T00/W0:0.000:0.000:0.1000:0.000:999.999:0.020:10040.000:0.000:0.100:0.000;@E,S06:D05:F40pix,S06:D05:F40pix,-54.142482:-5.989381,-54.142482:45.602831,BE1200_LIP:1200eV:-168.302pA:O3on:GasOn,LINE_FULL:50000:16:0x0:28.00%+0.00:SSS0:SRSA0,E3640 NFT01,5.03A (5.03.2004),11/28/2023,15:28:11
0,1,-31846.975,-32698.000,-31847.014376,-32698.028111,-70.478516,0,4,4,63,-,63,Ver 50nm,CD Meas,0.0,84,999,-,-,-,1,0,,-31847.000,-32698.000,X,0.000000,1,SPACE-X,48.936,48.936,50.000,,2,0,,-31846.975,-32698.000,X,0.000000,3,PICHF-X,100.275,100.275,100.000,,C:\DATADIR\result\QC\No 14 SEBP504G-W4F\CD mean 160pA\CD_mean_160pA_V01_4-4\CD_mean_160pA_V01_4-4.000.A00004004S0063.bmp,CD_mean_160pA_V01_4-4.job,@1:RCP:1:1:3:SPACE-X:1:E/l2.250/S6/D5/P2/$1/N000000/T00/W0:-0.025:0.000:0.0500:0.000:999.999:0.020:10040.000:0.000:0.050:0.000;@2:RCP:1:1:3:PICHF-X:3:E/l2.250/S6/D5/P2/$1/N000000/T00/W0:0.000:0.000:0.1000:0.000:999.999:0.020:10040.000:0.000:0.100:0.000;@E,S06:D05:F40pix,S06:D05:F40pix,-55.714430:-6.778303,-55.714430:44.560664,BE1200_LIP:1200eV:-168.302pA:O3on:GasOn,LINE_FULL:50000:16:0x0:28.00%+0.00:SSS0:SRSA0,E3640 NFT01,5.03A (5.03.2004),11/28/2023,15:28:14
0,1,-31846.975,-32695.000,-31847.014376,-32695.028111,-70.478516,0,4,4,64,-,64,Ver 50nm,CD Meas,0.0,84,999,-,-,-,1,0,,-31847.000,-32695.000,X,0.000000,1,SPACE-X,48.804,48.804,50.000,,2,0,,-31846.975,-32695.000,X,0.000000,3,PICHF-X,100.170,100.170,100.000,,C:\DATADIR\result\QC\No 14 SEBP504G-W4F\CD mean 160pA\CD_mean_160pA_V01_4-4\CD_mean_160pA_V01_4-4.000.A00004004S0064.bmp,CD_mean_160pA_V01_4-4.job,@1:RCP:1:1:3:SPACE-X:1:E/l2.250/S6/D5/P2/$1/N000000/T00/W0:-0.025:0.000:0.0500:0.000:999.999:0.020:10040.000:0.000:0.050:0.000;@2:RCP:1:1:3:PICHF-X:3:E/l2.250/S6/D5/P2/$1/N000000/T00/W0:0.000:0.000:0.1000:0.000:999.999:0.020:10040.000:0.000:0.100:0.000;@E,S06:D05:F40pix,S06:D05:F40pix,-54.541797:-5.737657,-54.541797:45.628147,BE1200_LIP:1200eV:-168.302pA:O3on:GasOn,LINE_FULL:50000:16:0x0:28.00%+0.00:SSS0:SRSA0,E3640 NFT01,5.03A (5.03.2004),11/28/2023,15:28:17
0,1,-31099.900,-32716.000,-31099.939376,-32716.028111,-70.546875,0,4,4,65,-,65,Ver 200nm,CD Meas,0.0,82,87,-,-,-,1,0,,-31100.000,-32716.000,X,0.000000,1,SPACE-X,202.233,202.233,200.000,,2,0,,-31099.900,-32716.000,X,0.000000,3,PICHF-X,400.017,400.017,400.000,,C:\DATADIR\result\QC\No 14 SEBP504G-W4F\CD mean 160pA\CD_mean_160pA_V01_4-4\CD_mean_160pA_V01_4-4.000.A00004004S0065.bmp,CD_mean_160pA_V01_4-4.job,@1:RCP:1:1:3:SPACE-X:1:E/l2.250/S6/D5/P2/$1/N000000/T00/W0:-0.100:0.000:0.2000:0.000:999.999:0.060:10040.000:0.000:0.200:0.000;@2:RCP:1:1:3:PICHF-X:3:E/l2.250/S6/D5/P2/$1/N000000/T00/W0:0.000:0.000:0.4000:0.000:999.999:0.060:10040.000:0.000:0.400:0.000;@E,S06:D05:F40pix,S06:D05:F40pix,-198.790604:3.442632,-198.790604:201.226720,BE1200_LIP:1200eV:-168.302pA:O3on:GasOn,LINE_FULL:50000:16:0x0:28.00%+0.00:SSS0:SRSA0,E3640 NFT01,5.03A (5.03.2004),11/28/2023,15:28:25
0,1,-31099.900,-32713.000,-31099.939376,-32713.028111,-70.546875,0,4,4,66,-,66,Ver 200nm,CD Meas,0.0,82,999,-,-,-,1,0,,-31100.000,-32713.000,X,0.000000,1,SPACE-X,202.374,202.374,200.000,,2,0,,-31099.900,-32713.000,X,0.000000,3,PICHF-X,400.371,400.371,400.000,,C:\DATADIR\result\QC\No 14 SEBP504G-W4F\CD mean 160pA\CD_mean_160pA_V01_4-4\CD_mean_160pA_V01_4-4.000.A00004004S0066.bmp,CD_mean_160pA_V01_4-4.job,@1:RCP:1:1:3:SPACE-X:1:E/l2.250/S6/D5/P2/$1/N000000/T00/W0:-0.100:0.000:0.2000:0.000:999.999:0.060:10040.000:0.000:0.200:0.000;@2:RCP:1:1:3:PICHF-X:3:E/l2.250/S6/D5/P2/$1/N000000/T00/W0:0.000:0.000:0.4000:0.000:999.999:0.060:10040.000:0.000:0.400:0.000;@E,S06:D05:F40pix,S06:D05:F40pix,-200.434650:1.939292,-200.434650:199.936593,BE1200_LIP:1200eV:-168.302pA:O3on:GasOn,LINE_FULL:50000:16:0x0:28.00%+0.00:SSS0:SRSA0,E3640 NFT01,5.03A (5.03.2004),11/28/2023,15:28:28
0,1,-31099.900,-32710.000,-31099.939376,-32710.028111,-70.546875,0,4,4,67,-,67,Ver 200nm,CD Meas,0.0,82,999,-,-,-,1,0,,-31100.000,-32710.000,X,0.000000,1,SPACE-X,202.596,202.596,200.000,,2,0,,-31099.900,-32710.000,X,0.000000,3,PICHF-X,400.078,400.078,400.000,,C:\DATADIR\result\QC\No 14 SEBP504G-W4F\CD mean 160pA\CD_mean_160pA_V01_4-4\CD_mean_160pA_V01_4-4.000.A00004004S0067.bmp,CD_mean_160pA_V01_4-4.job,@1:RCP:1:1:3:SPACE-X:1:E/l2.250/S6/D5/P2/$1/N000000/T00/W0:-0.100:0.000:0.2000:0.000:999.999:0.060:10040.000:0.000:0.200:0.000;@2:RCP:1:1:3:PICHF-X:3:E/l2.250/S6/D5/P2/$1/N000000/T00/W0:0.000:0.000:0.4000:0.000:999.999:0.060:10040.000:0.000:0.400:0.000;@E,S06:D05:F40pix,S06:D05:F40pix,-201.128798:1.466773,-201.128798:198.948952,BE1200_LIP:1200eV:-168.302pA:O3on:GasOn,LINE_FULL:50000:16:0x0:28.00%+0.00:SSS0:SRSA0,E3640 NFT01,5.03A (5.03.2004),11/28/2023,15:28:31
0,1,-31099.900,-32707.000,-31099.939376,-32707.028111,-70.546875,0,4,4,68,-,68,Ver 200nm,CD Meas,0.0,82,999,-,-,-,1,0,,-31100.000,-32707.000,X,0.000000,1,SPACE-X,202.359,202.359,200.000,,2,0,,-31099.900,-32707.000,X,0.000000,3,PICHF-X,399.854,399.854,400.000,,C:\DATADIR\result\QC\No 14 SEBP504G-W4F\CD mean 160pA\CD_mean_160pA_V01_4-4\CD_mean_160pA_V01_4-4.000.A00004004S0068.bmp,CD_mean_160pA_V01_4-4.job,@1:RCP:1:1:3:SPACE-X:1:E/l2.250/S6/D5/P2/$1/N000000/T00/W0:-0.100:0.000:0.2000:0.000:999.999:0.060:10040.000:0.000:0.200:0.000;@2:RCP:1:1:3:PICHF-X:3:E/l2.250/S6/D5/P2/$1/N000000/T00/W0:0.000:0.000:0.4000:0.000:999.999:0.060:10040.000:0.000:0.400:0.000;@E,S06:D05:F40pix,S06:D05:F40pix,-200.329262:2.029295,-200.329262:199.524372,BE1200_LIP:1200eV:-168.302pA:O3on:GasOn,LINE_FULL:50000:16:0x0:28.00%+0.00:SSS0:SRSA0,E3640 NFT01,5.03A (5.03.2004),11/28/2023,15:28:33
0,1,-31099.900,-32704.000,-31099.939376,-32704.028111,-70.546875,0,4,4,69,-,69,Ver 200nm,CD Meas,0.0,82,999,-,-,-,1,0,,-31100.000,-32704.000,X,0.000000,1,SPACE-X,202.752,202.752,200.000,,2,0,,-31099.900,-32704.000,X,0.000000,3,PICHF-X,400.351,400.351,400.000,,C:\DATADIR\result\QC\No 14 SEBP504G-W4F\CD mean 160pA\CD_mean_160pA_V01_4-4\CD_mean_160pA_V01_4-4.000.A00004004S0069.bmp,CD_mean_160pA_V01_4-4.job,@1:RCP:1:1:3:SPACE-X:1:E/l2.250/S6/D5/P2/$1/N000000/T00/W0:-0.100:0.000:0.2000:0.000:999.999:0.060:10040.000:0.000:0.200:0.000;@2:RCP:1:1:3:PICHF-X:3:E/l2.250/S6/D5/P2/$1/N000000/T00/W0:0.000:0.000:0.4000:0.000:999.999:0.060:10040.000:0.000:0.400:0.000;@E,S06:D05:F40pix,S06:D05:F40pix,-200.783129:1.968824,-200.783129:199.567986,BE1200_LIP:1200eV:-168.302pA:O3on:GasOn,LINE_FULL:50000:16:0x0:28.00%+0.00:SSS0:SRSA0,E3640 NFT01,5.03A (5.03.2004),11/28/2023,15:28:36
0,1,-31099.900,-32701.000,-31099.939376,-32701.028111,-70.546875,0,4,4,70,-,70,Ver 200nm,CD Meas,0.0,82,999,-,-,-,1,0,,-31100.000,-32701.000,X,0.000000,1,SPACE-X,202.449,202.449,200.000,,2,0,,-31099.900,-32701.000,X,0.000000,3,PICHF-X,399.971,399.971,400.000,,C:\DATADIR\result\QC\No 14 SEBP504G-W4F\CD mean 160pA\CD_mean_160pA_V01_4-4\CD_mean_160pA_V01_4-4.000.A00004004S0070.bmp,CD_mean_160pA_V01_4-4.job,@1:RCP:1:1:3:SPACE-X:1:E/l2.250/S6/D5/P2/$1/N000000/T00/W0:-0.100:0.000:0.2000:0.000:999.999:0.060:10040.000:0.000:0.200:0.000;@2:RCP:1:1:3:PICHF-X:3:E/l2.250/S6/D5/P2/$1/N000000/T00/W0:0.000:0.000:0.4000:0.000:999.999:0.060:10040.000:0.000:0.400:0.000;@E,S06:D05:F40pix,S06:D05:F40pix,-201.138633:1.310674,-201.138633:198.832180,BE1200_LIP:1200eV:-168.302pA:O3on:GasOn,LINE_FULL:50000:16:0x0:28.00%+0.00:SSS0:SRSA0,E3640 NFT01,5.03A (5.03.2004),11/28/2023,15:28:39
0,1,-31099.900,-32698.000,-31099.939376,-32698.028111,-70.546875,0,4,4,71,-,71,Ver 200nm,CD Meas,0.0,82,999,-,-,-,1,0,,-31100.000,-32698.000,X,0.000000,1,SPACE-X,202.581,202.581,200.000,,2,0,,-31099.900,-32698.000,X,0.000000,3,PICHF-X,400.090,400.090,400.000,,C:\DATADIR\result\QC\No 14 SEBP504G-W4F\CD mean 160pA\CD_mean_160pA_V01_4-4\CD_mean_160pA_V01_4-4.000.A00004004S0071.bmp,CD_mean_160pA_V01_4-4.job,@1:RCP:1:1:3:SPACE-X:1:E/l2.250/S6/D5/P2/$1/N000000/T00/W0:-0.100:0.000:0.2000:0.000:999.999:0.060:10040.000:0.000:0.200:0.000;@2:RCP:1:1:3:PICHF-X:3:E/l2.250/S6/D5/P2/$1/N000000/T00/W0:0.000:0.000:0.4000:0.000:999.999:0.060:10040.000:0.000:0.400:0.000;@E,S06:D05:F40pix,S06:D05:F40pix,-201.664162:0.916910,-201.664162:198.425588,BE1200_LIP:1200eV:-168.302pA:O3on:GasOn,LINE_FULL:50000:16:0x0:28.00%+0.00:SSS0:SRSA0,E3640 NFT01,5.03A (5.03.2004),11/28/2023,15:28:42
0,1,-31099.900,-32695.000,-31099.939376,-32695.028111,-70.546875,0,4,4,72,-,72,Ver 200nm,CD Meas,0.0,82,999,-,-,-,1,0,,-31100.000,-32695.000,X,0.000000,1,SPACE-X,202.487,202.487,200.000,,2,0,,-31099.900,-32695.000,X,0.000000,3,PICHF-X,399.685,399.685,400.000,,C:\DATADIR\result\QC\No 14 SEBP504G-W4F\CD mean 160pA\CD_mean_160pA_V01_4-4\CD_mean_160pA_V01_4-4.000.A00004004S0072.bmp,CD_mean_160pA_V01_4-4.job,@1:RCP:1:1:3:SPACE-X:1:E/l2.250/S6/D5/P2/$1/N000000/T00/W0:-0.100:0.000:0.2000:0.000:999.999:0.060:10040.000:0.000:0.200:0.000;@2:RCP:1:1:3:PICHF-X:3:E/l2.250/S6/D5/P2/$1/N000000/T00/W0:0.000:0.000:0.4000:0.000:999.999:0.060:10040.000:0.000:0.400:0.000;@E,S06:D05:F40pix,S06:D05:F40pix,-203.514744:-1.027999,-203.514744:196.170344,BE1200_LIP:1200eV:-168.302pA:O3on:GasOn,LINE_FULL:50000:16:0x0:28.00%+0.00:SSS0:SRSA0,E3640 NFT01,5.03A (5.03.2004),11/28/2023,15:28:45
0,1,-31096.700,-32716.000,-31096.739376,-32716.028111,-70.546875,0,4,4,73,-,73,Ver 200nm,CD Meas,0.0,82,999,-,-,-,1,0,,-31096.800,-32716.000,X,0.000000,1,SPACE-X,202.374,202.374,200.000,,2,0,,-31096.700,-32716.000,X,0.000000,3,PICHF-X,399.912,399.912,400.000,,C:\DATADIR\result\QC\No 14 SEBP504G-W4F\CD mean 160pA\CD_mean_160pA_V01_4-4\CD_mean_160pA_V01_4-4.000.A00004004S0073.bmp,CD_mean_160pA_V01_4-4.job,@1:RCP:1:1:3:SPACE-X:1:E/l2.250/S6/D5/P2/$1/N000000/T00/W0:-0.100:0.000:0.2000:0.000:999.999:0.060:10040.000:0.000:0.200:0.000;@2:RCP:1:1:3:PICHF-X:3:E/l2.250/S6/D5/P2/$1/N000000/T00/W0:0.000:0.000:0.4000:0.000:999.999:0.060:10040.000:0.000:0.400:0.000;@E,S06:D05:F40pix,S06:D05:F40pix,-202.393437:-0.019685,-202.393437:197.518144,BE1200_LIP:1200eV:-168.302pA:O3on:GasOn,LINE_FULL:50000:16:0x0:28.00%+0.00:SSS0:SRSA0,E3640 NFT01,5.03A (5.03.2004),11/28/2023,15:28:49
0,1,-31096.700,-32713.000,-31096.739376,-32713.028111,-70.546875,0,4,4,74,-,74,Ver 200nm,CD Meas,0.0,82,999,-,-,-,1,0,,-31096.800,-32713.000,X,0.000000,1,SPACE-X,202.131,202.131,200.000,,2,0,,-31096.700,-32713.000,X,0.000000,3,PICHF-X,399.721,399.721,400.000,,C:\DATADIR\result\QC\No 14 SEBP504G-W4F\CD mean 160pA\CD_mean_160pA_V01_4-4\CD_mean_160pA_V01_4-4.000.A00004004S0074.bmp,CD_mean_160pA_V01_4-4.job,@1:RCP:1:1:3:SPACE-X:1:E/l2.250/S6/D5/P2/$1/N000000/T00/W0:-0.100:0.000:0.2000:0.000:999.999:0.060:10040.000:0.000:0.200:0.000;@2:RCP:1:1:3:PICHF-X:3:E/l2.250/S6/D5/P2/$1/N000000/T00/W0:0.000:0.000:0.4000:0.000:999.999:0.060:10040.000:0.000:0.400:0.000;@E,S06:D05:F40pix,S06:D05:F40pix,-202.983600:-0.852213,-202.983600:196.737320,BE1200_LIP:1200eV:-168.302pA:O3on:GasOn,LINE_FULL:50000:16:0x0:28.00%+0.00:SSS0:SRSA0,E3640 NFT01,5.03A (5.03.2004),11/28/2023,15:28:51
0,1,-31096.700,-32710.000,-31096.739376,-32710.028111,-70.546875,0,4,4,75,-,75,Ver 200nm,CD Meas,0.0,82,999,-,-,-,1,0,,-31096.800,-32710.000,X,0.000000,1,SPACE-X,202.550,202.550,200.000,,2,0,,-31096.700,-32710.000,X,0.000000,3,PICHF-X,400.347,400.347,400.000,,C:\DATADIR\result\QC\No 14 SEBP504G-W4F\CD mean 160pA\CD_mean_160pA_V01_4-4\CD_mean_160pA_V01_4-4.000.A00004004S0075.bmp,CD_mean_160pA_V01_4-4.job,@1:RCP:1:1:3:SPACE-X:1:E/l2.250/S6/D5/P2/$1/N000000/T00/W0:-0.100:0.000:0.2000:0.000:999.999:0.060:10040.000:0.000:0.200:0.000;@2:RCP:1:1:3:PICHF-X:3:E/l2.250/S6/D5/P2/$1/N000000/T00/W0:0.000:0.000:0.4000:0.000:999.999:0.060:10040.000:0.000:0.400:0.000;@E,S06:D05:F40pix,S06:D05:F40pix,-203.947528:-1.397855,-203.947528:196.399667,BE1200_LIP:1200eV:-168.302pA:O3on:GasOn,LINE_FULL:50000:16:0x0:28.00%+0.00:SSS0:SRSA0,E3640 NFT01,5.03A (5.03.2004),11/28/2023,15:28:54
0,1,-31096.700,-32707.000,-31096.739376,-32707.028111,-70.546875,0,4,4,76,-,76,Ver 200nm,CD Meas,0.0,82,999,-,-,-,1,0,,-31096.800,-32707.000,X,0.000000,1,SPACE-X,202.202,202.202,200.000,,2,0,,-31096.700,-32707.000,X,0.000000,3,PICHF-X,400.265,400.265,400.000,,C:\DATADIR\result\QC\No 14 SEBP504G-W4F\CD mean 160pA\CD_mean_160pA_V01_4-4\CD_mean_160pA_V01_4-4.000.A00004004S0076.bmp,CD_mean_160pA_V01_4-4.job,@1:RCP:1:1:3:SPACE-X:1:E/l2.250/S6/D5/P2/$1/N000000/T00/W0:-0.100:0.000:0.2000:0.000:999.999:0.060:10040.000:0.000:0.200:0.000;@2:RCP:1:1:3:PICHF-X:3:E/l2.250/S6/D5/P2/$1/N000000/T00/W0:0.000:0.000:0.4000:0.000:999.999:0.060:10040.000:0.000:0.400:0.000;@E,S06:D05:F40pix,S06:D05:F40pix,-204.048699:-1.846462,-204.048699:196.216771,BE1200_LIP:1200eV:-168.302pA:O3on:GasOn,LINE_FULL:50000:16:0x0:28.00%+0.00:SSS0:SRSA0,E3640 NFT01,5.03A (5.03.2004),11/28/2023,15:28:57
0,1,-31096.700,-32704.000,-31096.739376,-32704.028111,-70.546875,0,4,4,77,-,77,Ver 200nm,CD Meas,0.0,82,999,-,-,-,1,0,,-31096.800,-32704.000,X,0.000000,1,SPACE-X,202.232,202.232,200.000,,2,0,,-31096.700,-32704.000,X,0.000000,3,PICHF-X,400.010,400.010,400.000,,C:\DATADIR\result\QC\No 14 SEBP504G-W4F\CD mean 160pA\CD_mean_160pA_V01_4-4\CD_mean_160pA_V01_4-4.000.A00004004S0077.bmp,CD_mean_160pA_V01_4-4.job,@1:RCP:1:1:3:SPACE-X:1:E/l2.250/S6/D5/P2/$1/N000000/T00/W0:-0.100:0.000:0.2000:0.000:999.999:0.060:10040.000:0.000:0.200:0.000;@2:RCP:1:1:3:PICHF-X:3:E/l2.250/S6/D5/P2/$1/N000000/T00/W0:0.000:0.000:0.4000:0.000:999.999:0.060:10040.000:0.000:0.400:0.000;@E,S06:D05:F40pix,S06:D05:F40pix,-203.665095:-1.433012,-203.665095:196.344798,BE1200_LIP:1200eV:-168.302pA:O3on:GasOn,LINE_FULL:50000:16:0x0:28.00%+0.00:SSS0:SRSA0,E3640 NFT01,5.03A (5.03.2004),11/28/2023,15:29:00
0,1,-31096.700,-32701.000,-31096.739376,-32701.028111,-70.546875,0,4,4,78,-,78,Ver 200nm,CD Meas,0.0,82,999,-,-,-,1,0,,-31096.800,-32701.000,X,0.000000,1,SPACE-X,202.250,202.250,200.000,,2,0,,-31096.700,-32701.000,X,0.000000,3,PICHF-X,399.936,399.936,400.000,,C:\DATADIR\result\QC\No 14 SEBP504G-W4F\CD mean 160pA\CD_mean_160pA_V01_4-4\CD_mean_160pA_V01_4-4.000.A00004004S0078.bmp,CD_mean_160pA_V01_4-4.job,@1:RCP:1:1:3:SPACE-X:1:E/l2.250/S6/D5/P2/$1/N000000/T00/W0:-0.100:0.000:0.2000:0.000:999.999:0.060:10040.000:0.000:0.200:0.000;@2:RCP:1:1:3:PICHF-X:3:E/l2.250/S6/D5/P2/$1/N000000/T00/W0:0.000:0.000:0.4000:0.000:999.999:0.060:10040.000:0.000:0.400:0.000;@E,S06:D05:F40pix,S06:D05:F40pix,-204.114740:-1.864744,-204.114740:195.821436,BE1200_LIP:1200eV:-168.302pA:O3on:GasOn,LINE_FULL:50000:16:0x0:28.00%+0.00:SSS0:SRSA0,E3640 NFT01,5.03A (5.03.2004),11/28/2023,15:29:02
0,1,-31096.700,-32698.000,-31096.739376,-32698.028111,-70.546875,0,4,4,79,-,79,Ver 200nm,CD Meas,0.0,82,999,-,-,-,1,0,,-31096.800,-32698.000,X,0.000000,1,SPACE-X,202.551,202.551,200.000,,2,0,,-31096.700,-32698.000,X,0.000000,3,PICHF-X,400.122,400.122,400.000,,C:\DATADIR\result\QC\No 14 SEBP504G-W4F\CD mean 160pA\CD_mean_160pA_V01_4-4\CD_mean_160pA_V01_4-4.000.A00004004S0079.bmp,CD_mean_160pA_V01_4-4.job,@1:RCP:1:1:3:SPACE-X:1:E/l2.250/S6/D5/P2/$1/N000000/T00/W0:-0.100:0.000:0.2000:0.000:999.999:0.060:10040.000:0.000:0.200:0.000;@2:RCP:1:1:3:PICHF-X:3:E/l2.250/S6/D5/P2/$1/N000000/T00/W0:0.000:0.000:0.4000:0.000:999.999:0.060:10040.000:0.000:0.400:0.000;@E,S06:D05:F40pix,S06:D05:F40pix,-203.846358:-1.295196,-203.846358:196.275861,BE1200_LIP:1200eV:-168.302pA:O3on:GasOn,LINE_FULL:50000:16:0x0:28.00%+0.00:SSS0:SRSA0,E3640 NFT01,5.03A (5.03.2004),11/28/2023,15:29:05
0,1,-31096.700,-32695.000,-31096.739376,-32695.028111,-70.546875,0,4,4,80,-,80,Ver 200nm,CD Meas,0.0,82,999,-,-,-,1,0,,-31096.800,-32695.000,X,0.000000,1,SPACE-X,202.513,202.513,200.000,,2,0,,-31096.700,-32695.000,X,0.000000,3,PICHF-X,399.817,399.817,400.000,,C:\DATADIR\result\QC\No 14 SEBP504G-W4F\CD mean 160pA\CD_mean_160pA_V01_4-4\CD_mean_160pA_V01_4-4.000.A00004004S0080.bmp,CD_mean_160pA_V01_4-4.job,@1:RCP:1:1:3:SPACE-X:1:E/l2.250/S6/D5/P2/$1/N000000/T00/W0:-0.100:0.000:0.2000:0.000:999.999:0.060:10040.000:0.000:0.200:0.000;@2:RCP:1:1:3:PICHF-X:3:E/l2.250/S6/D5/P2/$1/N000000/T00/W0:0.000:0.000:0.4000:0.000:999.999:0.060:10040.000:0.000:0.400:0.000;@E,S06:D05:F40pix,S06:D05:F40pix,-202.317559:0.195478,-202.317559:197.499853,BE1200_LIP:1200eV:-168.302pA:O3on:GasOn,LINE_FULL:50000:16:0x0:28.00%+0.00:SSS0:SRSA0,E3640 NFT01,5.03A (5.03.2004),11/28/2023,15:29:09
0,1,-30649.750,-32716.000,-30649.783751,-32716.033733,-70.615234,0,4,4,81,-,81,Ver 500nm,CD Meas,0.0,82,86,-,-,-,1,0,,-30650.000,-32716.000,X,0.000000,1,SPACE-X,503.173,503.173,500.000,,2,0,,-30649.750,-32716.000,X,0.000000,3,PICHF-X,1000.374,1000.374,1000.000,,C:\DATADIR\result\QC\No 14 SEBP504G-W4F\CD mean 160pA\CD_mean_160pA_V01_4-4\CD_mean_160pA_V01_4-4.000.A00004004S0081.bmp,CD_mean_160pA_V01_4-4.job,@1:RCP:1:1:3:SPACE-X:1:E/l2.250/S6/D5/P2/$1/N000000/T00/W0:-0.250:0.000:0.5000:0.000:999.999:0.200:10040.000:0.000:0.500:0.000;@2:RCP:1:1:3:PICHF-X:3:E/l2.250/S6/D5/P2/$1/N000000/T00/W0:0.000:0.000:1.0000:0.000:999.999:0.200:10040.000:0.000:1.000:0.000;@E,S06:D05:F40pix,S06:D05:F40pix,-499.419286:3.753426,-499.419286:500.954383,BE1200_LIP:1200eV:-168.302pA:O3on:GasOn,LINE_FULL:50000:16:0x0:28.00%+0.00:SSS0:SRSA0,E3640 NFT01,5.03A (5.03.2004),11/28/2023,15:29:18
0,1,-30649.750,-32713.000,-30649.783751,-32713.033733,-70.615234,0,4,4,82,-,82,Ver 500nm,CD Meas,0.0,82,999,-,-,-,1,0,,-30650.000,-32713.000,X,0.000000,1,SPACE-X,502.565,502.565,500.000,,2,0,,-30649.750,-32713.000,X,0.000000,3,PICHF-X,1000.327,1000.327,1000.000,,C:\DATADIR\result\QC\No 14 SEBP504G-W4F\CD mean 160pA\CD_mean_160pA_V01_4-4\CD_mean_160pA_V01_4-4.000.A00004004S0082.bmp,CD_mean_160pA_V01_4-4.job,@1:RCP:1:1:3:SPACE-X:1:E/l2.250/S6/D5/P2/$1/N000000/T00/W0:-0.250:0.000:0.5000:0.000:999.999:0.200:10040.000:0.000:0.500:0.000;@2:RCP:1:1:3:PICHF-X:3:E/l2.250/S6/D5/P2/$1/N000000/T00/W0:0.000:0.000:1.0000:0.000:999.999:0.200:10040.000:0.000:1.000:0.000;@E,S06:D05:F40pix,S06:D05:F40pix,-499.619967:2.944800,-499.619967:500.706610,BE1200_LIP:1200eV:-168.302pA:O3on:GasOn,LINE_FULL:50000:16:0x0:28.00%+0.00:SSS0:SRSA0,E3640 NFT01,5.03A (5.03.2004),11/28/2023,15:29:21
0,1,-30649.750,-32710.000,-30649.783751,-32710.033733,-70.615234,0,4,4,83,-,83,Ver 500nm,CD Meas,0.0,82,999,-,-,-,1,0,,-30650.000,-32710.000,X,0.000000,1,SPACE-X,502.749,502.749,500.000,,2,0,,-30649.750,-32710.000,X,0.000000,3,PICHF-X,999.751,999.751,1000.000,,C:\DATADIR\result\QC\No 14 SEBP504G-W4F\CD mean 160pA\CD_mean_160pA_V01_4-4\CD_mean_160pA_V01_4-4.000.A00004004S0083.bmp,CD_mean_160pA_V01_4-4.job,@1:RCP:1:1:3:SPACE-X:1:E/l2.250/S6/D5/P2/$1/N000000/T00/W0:-0.250:0.000:0.5000:0.000:999.999:0.200:10040.000:0.000:0.500:0.000;@2:RCP:1:1:3:PICHF-X:3:E/l2.250/S6/D5/P2/$1/N000000/T00/W0:0.000:0.000:1.0000:0.000:999.999:0.200:10040.000:0.000:1.000:0.000;@E,S06:D05:F40pix,S06:D05:F40pix,-500.149035:2.600255,-500.149035:499.601489,BE1200_LIP:1200eV:-168.302pA:O3on:GasOn,LINE_FULL:50000:16:0x0:28.00%+0.00:SSS0:SRSA0,E3640 NFT01,5.03A (5.03.2004),11/28/2023,15:29:24
0,1,-30649.750,-32707.000,-30649.783751,-32707.033733,-70.615234,0,4,4,84,-,84,Ver 500nm,CD Meas,0.0,82,999,-,-,-,1,0,,-30650.000,-32707.000,X,0.000000,1,SPACE-X,502.955,502.955,500.000,,2,0,,-30649.750,-32707.000,X,0.000000,3,PICHF-X,1000.270,1000.270,1000.000,,C:\DATADIR\result\QC\No 14 SEBP504G-W4F\CD mean 160pA\CD_mean_160pA_V01_4-4\CD_mean_160pA_V01_4-4.000.A00004004S0084.bmp,CD_mean_160pA_V01_4-4.job,@1:RCP:1:1:3:SPACE-X:1:E/l2.250/S6/D5/P2/$1/N000000/T00/W0:-0.250:0.000:0.5000:0.000:999.999:0.200:10040.000:0.000:0.500:0.000;@2:RCP:1:1:3:PICHF-X:3:E/l2.250/S6/D5/P2/$1/N000000/T00/W0:0.000:0.000:1.0000:0.000:999.999:0.200:10040.000:0.000:1.000:0.000;@E,S06:D05:F40pix,S06:D05:F40pix,-500.693539:2.261335,-500.693539:499.576149,BE1200_LIP:1200eV:-168.302pA:O3on:GasOn,LINE_FULL:50000:16:0x0:28.00%+0.00:SSS0:SRSA0,E3640 NFT01,5.03A (5.03.2004),11/28/2023,15:29:26
0,1,-30649.750,-32704.000,-30649.783751,-32704.033733,-70.615234,0,4,4,85,-,85,Ver 500nm,CD Meas,0.0,82,999,-,-,-,1,0,,-30650.000,-32704.000,X,0.000000,1,SPACE-X,502.742,502.742,500.000,,2,0,,-30649.750,-32704.000,X,0.000000,3,PICHF-X,1000.289,1000.289,1000.000,,C:\DATADIR\result\QC\No 14 SEBP504G-W4F\CD mean 160pA\CD_mean_160pA_V01_4-4\CD_mean_160pA_V01_4-4.000.A00004004S0085.bmp,CD_mean_160pA_V01_4-4.job,@1:RCP:1:1:3:SPACE-X:1:E/l2.250/S6/D5/P2/$1/N000000/T00/W0:-0.250:0.000:0.5000:0.000:999.999:0.200:10040.000:0.000:0.500:0.000;@2:RCP:1:1:3:PICHF-X:3:E/l2.250/S6/D5/P2/$1/N000000/T00/W0:0.000:0.000:1.0000:0.000:999.999:0.200:10040.000:0.000:1.000:0.000;@E,S06:D05:F40pix,S06:D05:F40pix,-502.886977:-0.144846,-502.886977:497.402517,BE1200_LIP:1200eV:-168.302pA:O3on:GasOn,LINE_FULL:50000:16:0x0:28.00%+0.00:SSS0:SRSA0,E3640 NFT01,5.03A (5.03.2004),11/28/2023,15:29:29
0,1,-30649.750,-32701.000,-30649.783751,-32701.033733,-70.615234,0,4,4,86,-,86,Ver 500nm,CD Meas,0.0,82,999,-,-,-,1,0,,-30650.000,-32701.000,X,0.000000,1,SPACE-X,503.116,503.116,500.000,,2,0,,-30649.750,-32701.000,X,0.000000,3,PICHF-X,1000.069,1000.069,1000.000,,C:\DATADIR\result\QC\No 14 SEBP504G-W4F\CD mean 160pA\CD_mean_160pA_V01_4-4\CD_mean_160pA_V01_4-4.000.A00004004S0086.bmp,CD_mean_160pA_V01_4-4.job,@1:RCP:1:1:3:SPACE-X:1:E/l2.250/S6/D5/P2/$1/N000000/T00/W0:-0.250:0.000:0.5000:0.000:999.999:0.200:10040.000:0.000:0.500:0.000;@2:RCP:1:1:3:PICHF-X:3:E/l2.250/S6/D5/P2/$1/N000000/T00/W0:0.000:0.000:1.0000:0.000:999.999:0.200:10040.000:0.000:1.000:0.000;@E,S06:D05:F40pix,S06:D05:F40pix,-503.517078:-0.400791,-503.517078:496.552214,BE1200_LIP:1200eV:-168.302pA:O3on:GasOn,LINE_FULL:50000:16:0x0:28.00%+0.00:SSS0:SRSA0,E3640 NFT01,5.03A (5.03.2004),11/28/2023,15:29:32
0,1,-30649.750,-32698.000,-30649.783751,-32698.033733,-70.615234,0,4,4,87,-,87,Ver 500nm,CD Meas,0.0,82,999,-,-,-,1,0,,-30650.000,-32698.000,X,0.000000,1,SPACE-X,502.973,502.973,500.000,,2,0,,-30649.750,-32698.000,X,0.000000,3,PICHF-X,1000.195,1000.195,1000.000,,C:\DATADIR\result\QC\No 14 SEBP504G-W4F\CD mean 160pA\CD_mean_160pA_V01_4-4\CD_mean_160pA_V01_4-4.000.A00004004S0087.bmp,CD_mean_160pA_V01_4-4.job,@1:RCP:1:1:3:SPACE-X:1:E/l2.250/S6/D5/P2/$1/N000000/T00/W0:-0.250:0.000:0.5000:0.000:999.999:0.200:10040.000:0.000:0.500:0.000;@2:RCP:1:1:3:PICHF-X:3:E/l2.250/S6/D5/P2/$1/N000000/T00/W0:0.000:0.000:1.0000:0.000:999.999:0.200:10040.000:0.000:1.000:0.000;@E,S06:D05:F40pix,S06:D05:F40pix,-503.456734:-0.483763,-503.456734:496.738041,BE1200_LIP:1200eV:-168.302pA:O3on:GasOn,LINE_FULL:50000:16:0x0:28.00%+0.00:SSS0:SRSA0,E3640 NFT01,5.03A (5.03.2004),11/28/2023,15:29:35
0,1,-30649.750,-32695.000,-30649.783751,-32695.033733,-70.615234,0,4,4,88,-,88,Ver 500nm,CD Meas,0.0,82,999,-,-,-,1,0,,-30650.000,-32695.000,X,0.000000,1,SPACE-X,503.236,503.236,500.000,,2,0,,-30649.750,-32695.000,X,0.000000,3,PICHF-X,1000.033,1000.033,1000.000,,C:\DATADIR\result\QC\No 14 SEBP504G-W4F\CD mean 160pA\CD_mean_160pA_V01_4-4\CD_mean_160pA_V01_4-4.000.A00004004S0088.bmp,CD_mean_160pA_V01_4-4.job,@1:RCP:1:1:3:SPACE-X:1:E/l2.250/S6/D5/P2/$1/N000000/T00/W0:-0.250:0.000:0.5000:0.000:999.999:0.200:10040.000:0.000:0.500:0.000;@2:RCP:1:1:3:PICHF-X:3:E/l2.250/S6/D5/P2/$1/N000000/T00/W0:0.000:0.000:1.0000:0.000:999.999:0.200:10040.000:0.000:1.000:0.000;@E,S06:D05:F40pix,S06:D05:F40pix,-500.882991:2.352745,-500.882991:499.149587,BE1200_LIP:1200eV:-168.302pA:O3on:GasOn,LINE_FULL:50000:16:0x0:28.00%+0.00:SSS0:SRSA0,E3640 NFT01,5.03A (5.03.2004),11/28/2023,15:29:38
0,1,-30646.750,-32716.000,-30646.783751,-32716.033733,-70.615234,0,4,4,89,-,89,Ver 500nm,CD Meas,0.0,82,999,-,-,-,1,0,,-30647.000,-32716.000,X,0.000000,1,SPACE-X,502.897,502.897,500.000,,2,0,,-30646.750,-32716.000,X,0.000000,3,PICHF-X,999.889,999.889,1000.000,,C:\DATADIR\result\QC\No 14 SEBP504G-W4F\CD mean 160pA\CD_mean_160pA_V01_4-4\CD_mean_160pA_V01_4-4.000.A00004004S0089.bmp,CD_mean_160pA_V01_4-4.job,@1:RCP:1:1:3:SPACE-X:1:E/l2.250/S6/D5/P2/$1/N000000/T00/W0:-0.250:0.000:0.5000:0.000:999.999:0.200:10040.000:0.000:0.500:0.000;@2:RCP:1:1:3:PICHF-X:3:E/l2.250/S6/D5/P2/$1/N000000/T00/W0:0.000:0.000:1.0000:0.000:999.999:0.200:10040.000:0.000:1.000:0.000;@E,S06:D05:F40pix,S06:D05:F40pix,-500.325858:2.570722,-500.325858:499.563479,BE1200_LIP:1200eV:-168.302pA:O3on:GasOn,LINE_FULL:50000:16:0x0:28.00%+0.00:SSS0:SRSA0,E3640 NFT01,5.03A (5.03.2004),11/28/2023,15:29:42
0,1,-30646.750,-32713.000,-30646.783751,-32713.033733,-70.615234,0,4,4,90,-,90,Ver 500nm,CD Meas,0.0,82,999,-,-,-,1,0,,-30647.000,-32713.000,X,0.000000,1,SPACE-X,502.676,502.676,500.000,,2,0,,-30646.750,-32713.000,X,0.000000,3,PICHF-X,999.630,999.630,1000.000,,C:\DATADIR\result\QC\No 14 SEBP504G-W4F\CD mean 160pA\CD_mean_160pA_V01_4-4\CD_mean_160pA_V01_4-4.000.A00004004S0090.bmp,CD_mean_160pA_V01_4-4.job,@1:RCP:1:1:3:SPACE-X:1:E/l2.250/S6/D5/P2/$1/N000000/T00/W0:-0.250:0.000:0.5000:0.000:999.999:0.200:10040.000:0.000:0.500:0.000;@2:RCP:1:1:3:PICHF-X:3:E/l2.250/S6/D5/P2/$1/N000000/T00/W0:0.000:0.000:1.0000:0.000:999.999:0.200:10040.000:0.000:1.000:0.000;@E,S06:D05:F40pix,S06:D05:F40pix,-501.455560:1.220671,-501.455560:498.173987,BE1200_LIP:1200eV:-168.302pA:O3on:GasOn,LINE_FULL:50000:16:0x0:28.00%+0.00:SSS0:SRSA0,E3640 NFT01,5.03A (5.03.2004),11/28/2023,15:29:45
0,1,-30646.750,-32710.000,-30646.783751,-32710.033733,-70.615234,0,4,4,91,-,91,Ver 500nm,CD Meas,0.0,82,999,-,-,-,1,0,,-30647.000,-32710.000,X,0.000000,1,SPACE-X,502.725,502.725,500.000,,2,0,,-30646.750,-32710.000,X,0.000000,3,PICHF-X,999.736,999.736,1000.000,,C:\DATADIR\result\QC\No 14 SEBP504G-W4F\CD mean 160pA\CD_mean_160pA_V01_4-4\CD_mean_160pA_V01_4-4.000.A00004004S0091.bmp,CD_mean_160pA_V01_4-4.job,@1:RCP:1:1:3:SPACE-X:1:E/l2.250/S6/D5/P2/$1/N000000/T00/W0:-0.250:0.000:0.5000:0.000:999.999:0.200:10040.000:0.000:0.500:0.000;@2:RCP:1:1:3:PICHF-X:3:E/l2.250/S6/D5/P2/$1/N000000/T00/W0:0.000:0.000:1.0000:0.000:999.999:0.200:10040.000:0.000:1.000:0.000;@E,S06:D05:F40pix,S06:D05:F40pix,-501.054201:1.670688,-501.054201:498.682200,BE1200_LIP:1200eV:-168.302pA:O3on:GasOn,LINE_FULL:50000:16:0x0:28.00%+0.00:SSS0:SRSA0,E3640 NFT01,5.03A (5.03.2004),11/28/2023,15:29:48
0,1,-30646.750,-32707.000,-30646.783751,-32707.033733,-70.615234,0,4,4,92,-,92,Ver 500nm,CD Meas,0.0,82,999,-,-,-,1,0,,-30647.000,-32707.000,X,0.000000,1,SPACE-X,502.838,502.838,500.000,,2,0,,-30646.750,-32707.000,X,0.000000,3,PICHF-X,999.804,999.804,1000.000,,C:\DATADIR\result\QC\No 14 SEBP504G-W4F\CD mean 160pA\CD_mean_160pA_V01_4-4\CD_mean_160pA_V01_4-4.000.A00004004S0092.bmp,CD_mean_160pA_V01_4-4.job,@1:RCP:1:1:3:SPACE-X:1:E/l2.250/S6/D5/P2/$1/N000000/T00/W0:-0.250:0.000:0.5000:0.000:999.999:0.200:10040.000:0.000:0.500:0.000;@2:RCP:1:1:3:PICHF-X:3:E/l2.250/S6/D5/P2/$1/N000000/T00/W0:0.000:0.000:1.0000:0.000:999.999:0.200:10040.000:0.000:1.000:0.000;@E,S06:D05:F40pix,S06:D05:F40pix,-501.586072:1.251609,-501.586072:498.217628,BE1200_LIP:1200eV:-168.302pA:O3on:GasOn,LINE_FULL:50000:16:0x0:28.00%+0.00:SSS0:SRSA0,E3640 NFT01,5.03A (5.03.2004),11/28/2023,15:29:51
0,1,-30646.750,-32704.000,-30646.783751,-32704.033733,-70.615234,0,4,4,93,-,93,Ver 500nm,CD Meas,0.0,82,999,-,-,-,1,0,,-30647.000,-32704.000,X,0.000000,1,SPACE-X,502.586,502.586,500.000,,2,0,,-30646.750,-32704.000,X,0.000000,3,PICHF-X,999.728,999.728,1000.000,,C:\DATADIR\result\QC\No 14 SEBP504G-W4F\CD mean 160pA\CD_mean_160pA_V01_4-4\CD_mean_160pA_V01_4-4.000.A00004004S0093.bmp,CD_mean_160pA_V01_4-4.job,@1:RCP:1:1:3:SPACE-X:1:E/l2.250/S6/D5/P2/$1/N000000/T00/W0:-0.250:0.000:0.5000:0.000:999.999:0.200:10040.000:0.000:0.500:0.000;@2:RCP:1:1:3:PICHF-X:3:E/l2.250/S6/D5/P2/$1/N000000/T00/W0:0.000:0.000:1.0000:0.000:999.999:0.200:10040.000:0.000:1.000:0.000;@E,S06:D05:F40pix,S06:D05:F40pix,-501.542568:1.043477,-501.542568:498.185249,BE1200_LIP:1200eV:-168.302pA:O3on:GasOn,LINE_FULL:50000:16:0x0:28.00%+0.00:SSS0:SRSA0,E3640 NFT01,5.03A (5.03.2004),11/28/2023,15:29:54
0,1,-30646.750,-32701.000,-30646.783751,-32701.033733,-70.615234,0,4,4,94,-,94,Ver 500nm,CD Meas,0.0,82,999,-,-,-,1,0,,-30647.000,-32701.000,X,0.000000,1,SPACE-X,502.541,502.541,500.000,,2,0,,-30646.750,-32701.000,X,0.000000,3,PICHF-X,999.940,999.940,1000.000,,C:\DATADIR\result\QC\No 14 SEBP504G-W4F\CD mean 160pA\CD_mean_160pA_V01_4-4\CD_mean_160pA_V01_4-4.000.A00004004S0094.bmp,CD_mean_160pA_V01_4-4.job,@1:RCP:1:1:3:SPACE-X:1:E/l2.250/S6/D5/P2/$1/N000000/T00/W0:-0.250:0.000:0.5000:0.000:999.999:0.200:10040.000:0.000:0.500:0.000;@2:RCP:1:1:3:PICHF-X:3:E/l2.250/S6/D5/P2/$1/N000000/T00/W0:0.000:0.000:1.0000:0.000:999.999:0.200:10040.000:0.000:1.000:0.000;@E,S06:D05:F40pix,S06:D05:F40pix,-502.214774:0.326264,-502.214774:497.724901,BE1200_LIP:1200eV:-168.302pA:O3on:GasOn,LINE_FULL:50000:16:0x0:28.00%+0.00:SSS0:SRSA0,E3640 NFT01,5.03A (5.03.2004),11/28/2023,15:29:56
0,1,-30646.750,-32698.000,-30646.783751,-32698.033733,-70.615234,0,4,4,95,-,95,Ver 500nm,CD Meas,0.0,82,999,-,-,-,1,0,,-30647.000,-32698.000,X,0.000000,1,SPACE-X,502.752,502.752,500.000,,2,0,,-30646.750,-32698.000,X,0.000000,3,PICHF-X,999.658,999.658,1000.000,,C:\DATADIR\result\QC\No 14 SEBP504G-W4F\CD mean 160pA\CD_mean_160pA_V01_4-4\CD_mean_160pA_V01_4-4.000.A00004004S0095.bmp,CD_mean_160pA_V01_4-4.job,@1:RCP:1:1:3:SPACE-X:1:E/l2.250/S6/D5/P2/$1/N000000/T00/W0:-0.250:0.000:0.5000:0.000:999.999:0.200:10040.000:0.000:0.500:0.000;@2:RCP:1:1:3:PICHF-X:3:E/l2.250/S6/D5/P2/$1/N000000/T00/W0:0.000:0.000:1.0000:0.000:999.999:0.200:10040.000:0.000:1.000:0.000;@E,S06:D05:F40pix,S06:D05:F40pix,-502.701735:0.050630,-502.701735:496.956248,BE1200_LIP:1200eV:-168.302pA:O3on:GasOn,LINE_FULL:50000:16:0x0:28.00%+0.00:SSS0:SRSA0,E3640 NFT01,5.03A (5.03.2004),11/28/2023,15:29:59
0,1,-30646.750,-32695.000,-30646.783751,-32695.033733,-70.615234,0,4,4,96,-,96,Ver 500nm,CD Meas,0.0,82,999,-,-,-,1,0,,-30647.000,-32695.000,X,0.000000,1,SPACE-X,502.765,502.765,500.000,,2,0,,-30646.750,-32695.000,X,0.000000,3,PICHF-X,999.398,999.398,1000.000,,C:\DATADIR\result\QC\No 14 SEBP504G-W4F\CD mean 160pA\CD_mean_160pA_V01_4-4\CD_mean_160pA_V01_4-4.000.A00004004S0096.bmp,CD_mean_160pA_V01_4-4.job,@1:RCP:1:1:3:SPACE-X:1:E/l2.250/S6/D5/P2/$1/N000000/T00/W0:-0.250:0.000:0.5000:0.000:999.999:0.200:10040.000:0.000:0.500:0.000;@2:RCP:1:1:3:PICHF-X:3:E/l2.250/S6/D5/P2/$1/N000000/T00/W0:0.000:0.000:1.0000:0.000:999.999:0.200:10040.000:0.000:1.000:0.000;@E,S06:D05:F40pix,S06:D05:F40pix,-500.665472:2.099610,-500.665472:498.732880,BE1200_LIP:1200eV:-168.302pA:O3on:GasOn,LINE_FULL:50000:16:0x0:28.00%+0.00:SSS0:SRSA0,E3640 NFT01,5.03A (5.03.2004),11/28/2023,15:30:03
